Symbol,Date,Open,High,Low,Close,Percent Change,Volume,Turn Over
BANKING,11/26/2025,1367.82,1380.21,1362.19,1375.97,0.66%,"376,766,843.20",-
BANKING,11/25/2025,1366.23,1370.64,1355.11,1366.9,0.20%,"308,138,614.20",-
BANKING,11/24/2025,1343.34,1364.47,1343.06,1364.11,1.41%,"355,731,155.00",-
BANKING,11/23/2025,1328.43,1345.97,1327.25,1345.15,1.37%,"336,015,235.00",-
BANKING,11/20/2025,1331.4,1334.4,1323.37,1327.01,-0.33%,"257,454,569.90",-
BANKING,11/19/2025,1334.44,1340.16,1326.13,1331.4,-0.15%,"211,862,146.80",-
BANKING,11/18/2025,1329.65,1341.88,1328.46,1333.36,0.31%,"265,544,891.70",-
BANKING,11/17/2025,1329.66,1334.66,1325.13,1329.21,0.14%,"329,832,910.20",-
BANKING,11/16/2025,1331.52,1334.24,1321.79,1327.4,-0.31%,"217,177,710.00",-
BANKING,11/13/2025,1327.62,1338.11,1322.71,1331.51,0.13%,"275,491,970.20",-
BANKING,11/12/2025,1340.73,1341.01,1327.89,1329.81,-0.67%,"281,098,421.60",-
BANKING,11/11/2025,1337.88,1345.88,1330.65,1338.82,0.07%,"323,201,487.00",-
BANKING,11/10/2025,1348.22,1354.21,1335.05,1337.88,-0.61%,"369,853,946.00",-
BANKING,11/9/2025,1363.04,1363.04,1344.4,1346.04,-1.30%,"384,687,350.10",-
BANKING,11/6/2025,1371.46,1377.49,1360.28,1363.76,-0.43%,"397,937,243.10",-
BANKING,11/5/2025,1362,1375.24,1356.1,1369.69,0.56%,"331,005,429.50",-
BANKING,11/4/2025,1370.44,1374.03,1359.33,1362,-0.67%,"339,869,818.00",-
BANKING,11/3/2025,1373.62,1383.33,1367.49,1371.13,-0.22%,"283,083,746.00",-
BANKING,11/2/2025,1384.78,1385.42,1363.53,1374.2,0.29%,"419,650,252.70",-
BANKING,10/30/2025,1367.9,1372.32,1355.97,1370.18,0.34%,"380,613,760.10",-
BANKING,10/29/2025,1370.31,1381.19,1361.36,1365.58,-0.35%,"430,975,866.00",-
BANKING,10/28/2025,1343.39,1370.91,1343.38,1370.34,1.92%,"305,735,821.40",-
BANKING,10/26/2025,1348.48,1351.31,1330.77,1344.52,-0.36%,"187,790,720.10",-
BANKING,10/19/2025,1337.98,1354.95,1334.36,1349.36,0.87%,"318,304,553.60",-
BANKING,10/16/2025,1337.37,1350.74,1331.27,1337.71,0.03%,"306,992,979.50",-
BANKING,10/15/2025,1345.72,1353.17,1335.87,1337.36,-0.55%,"263,751,009.60",-
BANKING,10/14/2025,1355.92,1365.17,1342.46,1344.71,-0.83%,"266,105,580.90",-
BANKING,10/13/2025,1372.1,1372.1,1336.83,1355.92,0.29%,"413,063,693.30",-
BANKING,10/12/2025,1384.99,1385.46,1346.34,1352.06,-2.31%,"653,268,066.80",-
BANKING,10/9/2025,1390.77,1437.95,1380.24,1383.97,1.07%,"565,867,348.70",-
BANKING,10/8/2025,1392.12,1392.12,1356.66,1369.29,-1.48%,"513,237,582.40",-
BANKING,10/7/2025,1408.5,1411.16,1382.94,1389.88,-1.32%,"484,845,464.60",-
BANKING,9/28/2025,1400.09,1408.49,1397.75,1408.49,0.84%,"224,862,097.00",-
BANKING,9/25/2025,1396,1399.67,1389.36,1396.75,0.12%,"246,205,357.10",-
BANKING,9/24/2025,1405.88,1415.27,1391.05,1395.01,-0.74%,"359,107,916.50",-
BANKING,9/23/2025,1391.21,1406.46,1389.21,1405.37,1.39%,"420,596,307.40",-
BANKING,9/21/2025,1308.53,1391.24,1308.52,1386.13,4.53%,"1,008,474,922.90",-
BANKING,9/18/2025,1379.84,1379.84,1319.82,1326.12,-5.53%,"86,358,080.10",-
BANKING,9/8/2025,1418.19,1420.5,1398.6,1403.7,-1.12%,"499,098,567.60",-
BANKING,9/7/2025,1423.04,1427.03,1417.29,1419.66,-0.65%,"664,114,712.50",-
BANKING,9/4/2025,1434.26,1440.5,1420.52,1429.01,-0.32%,"511,413,814.90",-
BANKING,9/3/2025,1441.87,1446.83,1432.94,1433.54,-0.55%,"457,950,331.80",-
BANKING,9/2/2025,1474.11,1474.11,1440.23,1441.49,-0.50%,"647,229,063.10",-
BANKING,9/1/2025,1453.63,1455.05,1423.76,1448.72,1.50%,"1,113,825,777.30",-
BANKING,8/31/2025,1441.92,1447.14,1423.97,1427.31,-0.89%,"609,009,672.10",-
BANKING,8/28/2025,1452.54,1457.85,1438.55,1440.07,-0.87%,"551,386,023.47",-
BANKING,8/27/2025,1454.25,1454.59,1432.66,1452.73,1.39%,"533,838,545.10",-
BANKING,8/26/2025,1433.15,1440.73,1428.1,1432.87,0.14%,"371,265,608.00",-
BANKING,8/25/2025,1421.94,1434.34,1413.75,1430.85,0.59%,"431,081,618.90",-
BANKING,8/24/2025,1435.23,1439.39,1420.86,1422.48,-0.89%,"497,521,018.20",-
BANKING,8/21/2025,1435.83,1442.27,1431.33,1435.22,-0.12%,"585,366,653.20",-
BANKING,8/20/2025,1439.49,1446.04,1434.86,1436.91,-0.19%,"432,406,228.70",-
BANKING,8/19/2025,1435.74,1447.79,1435.47,1439.65,0.40%,"434,554,276.80",-
BANKING,8/18/2025,1430.24,1439.47,1427.04,1433.87,0.18%,"574,933,074.70",-
BANKING,8/17/2025,1447.65,1452.86,1431.01,1431.34,-1.04%,"768,726,215.10",-
BANKING,8/14/2025,1454.28,1459.57,1445.22,1446.35,-0.56%,"899,995,844.60",-
BANKING,8/13/2025,1467.19,1470.39,1453.71,1454.45,-0.70%,"655,093,948.90",-
BANKING,8/12/2025,1484.97,1484.97,1464.02,1464.64,-0.94%,"630,011,358.38",-
BANKING,8/11/2025,1490.13,1511.1,1478.01,1478.6,-0.42%,"1,048,432,900.10",-
BANKING,8/7/2025,1484.08,1492.9,1478.86,1484.79,0.43%,"716,012,931.60",-
BANKING,8/6/2025,1495.3,1495.3,1476.42,1478.43,-0.48%,"519,935,352.92",-
BANKING,8/5/2025,1505.32,1524.31,1483.51,1485.53,-1.05%,"921,283,268.80",-
BANKING,8/4/2025,1476.1,1513.92,1468.26,1501.26,1.67%,"1,097,933,468.80",-
BANKING,8/3/2025,1514.43,1514.43,1475.41,1476.66,-2.28%,"1,089,527,349.70",-
BANKING,7/31/2025,1537,1538.01,1508.61,1511.05,-1.45%,"1,258,780,047.10",-
BANKING,7/30/2025,1566.61,1576.33,1530.15,1533.25,-1.56%,"1,350,543,478.10",-
BANKING,7/29/2025,1547.32,1572.06,1542.75,1557.47,1.33%,"2,567,760,263.00",-
BANKING,7/28/2025,1539.74,1542.4,1508.09,1537.06,0.02%,"1,687,569,599.20",-
BANKING,7/27/2025,1548.5,1561.43,1533.72,1536.82,-0.72%,"1,937,696,052.70",-
BANKING,7/24/2025,1560.44,1563.05,1539.8,1547.96,-0.61%,"1,320,697,920.50",-
BANKING,7/23/2025,1554.12,1568.65,1543.49,1557.52,-0.25%,"1,763,287,302.30",-
BANKING,7/22/2025,1530.6,1563.36,1530.6,1561.48,2.11%,"2,317,334,237.70",-
BANKING,7/21/2025,1523.08,1540.35,1508.29,1529.22,0.48%,"1,495,251,702.60",-
BANKING,7/20/2025,1545.71,1561.43,1517.67,1521.91,-1.39%,"2,576,748,469.40",-
BANKING,7/17/2025,1523.33,1548.71,1522.41,1543.33,1.76%,"2,346,840,284.10",-
BANKING,7/16/2025,1494.54,1527.86,1493.67,1516.6,1.59%,"2,750,403,725.00",-
BANKING,7/15/2025,1467.24,1495.76,1456.9,1492.84,1.81%,"1,757,937,892.30",-
BANKING,7/14/2025,1505.85,1505.94,1463.5,1466.28,-2.46%,"1,778,781,507.20",-
BANKING,7/13/2025,1479.37,1515.87,1479.37,1503.31,3.38%,"2,832,706,643.20",-
BANKING,7/10/2025,1414.83,1462.14,1414.82,1454.21,3.03%,"2,117,977,024.30",-
BANKING,7/9/2025,1387.26,1414.69,1387.25,1411.48,1.69%,"752,943,123.30",-
BANKING,7/8/2025,1394.43,1398.42,1381.26,1388.04,-0.37%,"458,208,057.20",-
BANKING,7/7/2025,1414.11,1414.11,1391.68,1393.24,-0.79%,"764,068,999.50",-
BANKING,7/6/2025,1408.18,1412.5,1394.17,1404.35,0.12%,"684,934,971.60",-
BANKING,7/3/2025,1409,1413.23,1386.15,1402.71,0.31%,"735,575,564.50",-
BANKING,7/2/2025,1383.99,1398.95,1377.6,1398.33,1.36%,"715,352,981.30",-
BANKING,7/1/2025,1367,1381.88,1359.89,1379.56,1.09%,"501,012,802.60",-
BANKING,6/30/2025,1369.02,1369.66,1355.73,1364.64,0.38%,"426,483,453.40",-
BANKING,6/29/2025,1332.26,1361.79,1329.67,1359.45,2.01%,"437,663,562.70",-
BANKING,6/26/2025,1334.3,1338.39,1330.65,1332.69,-0.12%,"239,717,377.20",-
BANKING,6/25/2025,1335.6,1342.16,1331.92,1334.29,-0.10%,"261,378,372.80",-
BANKING,6/24/2025,1331.27,1349.06,1331.27,1335.59,0.45%,"356,897,276.80",-
BANKING,6/23/2025,1331.61,1334.48,1323.27,1329.66,0.16%,"266,162,446.00",-
BANKING,6/22/2025,1339.53,1342.52,1326.99,1327.6,-0.86%,"432,831,099.10",-
BANKING,6/19/2025,1348.4,1352.2,1338.86,1339.1,-0.50%,"425,989,951.20",-
BANKING,6/18/2025,1348.39,1352.68,1344.82,1345.86,-0.12%,"338,680,883.60",-
BANKING,6/17/2025,1352.96,1360.17,1345.57,1347.49,-0.45%,"333,780,329.90",-
BANKING,6/16/2025,1346.31,1358.37,1343.81,1353.61,0.49%,"490,568,351.30",-
BANKING,6/15/2025,1346.17,1359.08,1345.1,1347.04,-0.45%,"413,616,104.80",-
BANKING,6/12/2025,1361.28,1367.73,1350.37,1353.08,-0.63%,"456,155,376.10",-
BANKING,6/11/2025,1368.67,1377.91,1356.04,1361.64,-0.51%,"664,026,771.00",-
BANKING,6/10/2025,1353.69,1371.08,1353.03,1368.66,0.93%,"523,166,261.00",-
BANKING,6/9/2025,1348.94,1358.79,1348.61,1355.99,0.44%,"316,565,323.50",-
BANKING,6/8/2025,1361.35,1367.71,1348.08,1350.06,-1.05%,"470,138,753.70",-
BANKING,6/5/2025,1370.08,1382.16,1363.25,1364.42,-0.44%,"513,081,173.30",-
BANKING,6/4/2025,1375.25,1381.72,1364.65,1370.44,-0.60%,"451,155,546.40",-
BANKING,6/3/2025,1414.08,1414.08,1376.45,1378.65,-2.34%,"798,661,003.50",-
BANKING,6/2/2025,1437.94,1445.54,1406.49,1411.74,-0.60%,"1,090,533,842.40",-
BANKING,5/28/2025,1395.89,1424.21,1386.1,1420.24,1.88%,"1,129,108,002.30",-
BANKING,5/27/2025,1387.03,1397,1369.44,1393.97,0.40%,"639,763,727.00",-
BANKING,5/26/2025,1410.19,1438.03,1378.09,1388.39,0.18%,"1,069,251,726.40",-
BANKING,5/25/2025,1402.88,1407.85,1369.3,1385.91,-0.67%,"999,364,096.80",-
BANKING,5/22/2025,1346.81,1399.11,1344.62,1395.24,3.82%,"1,729,096,128.20",-
BANKING,5/21/2025,1360.43,1409.73,1343.37,1343.88,0.25%,"768,576,209.50",-
BANKING,5/20/2025,1315.24,1344.41,1306.55,1340.48,1.92%,"433,098,365.30",-
BANKING,5/19/2025,1298.77,1317.77,1298.77,1315.24,1.18%,"365,152,218.80",-
BANKING,5/18/2025,1301.83,1307.71,1296.54,1299.94,-0.14%,"348,931,419.90",-
BANKING,5/15/2025,1308.2,1309.5,1299.78,1301.82,-0.30%,"286,374,289.60",-
BANKING,5/14/2025,1314.07,1317.62,1304.65,1305.78,-0.49%,"233,670,715.60",-
BANKING,5/13/2025,1315.28,1330.42,1311.71,1312.22,-0.31%,"285,736,711.66",-
BANKING,5/11/2025,1323.76,1333.02,1315.61,1316.24,-0.55%,"274,146,172.90",-
BANKING,5/8/2025,1335.61,1342.66,1317.9,1323.55,-0.83%,"336,076,248.60",-
BANKING,5/7/2025,1295.02,1337.66,1289.59,1334.59,2.98%,"480,026,218.50",-
BANKING,5/6/2025,1300.59,1307.9,1294.68,1296,-0.35%,"257,971,567.30",-
BANKING,5/5/2025,1306.14,1308.72,1297.69,1300.58,-0.39%,"281,417,252.00",-
BANKING,5/4/2025,1305.94,1318.26,1304.42,1305.65,0.11%,"405,308,190.72",-
BANKING,4/30/2025,1317.78,1317.78,1301.92,1304.21,-0.70%,"420,327,500.84",-
BANKING,4/29/2025,1325.35,1330.54,1313.05,1313.45,-0.57%,"343,997,618.90",-
BANKING,4/28/2025,1331.07,1334.42,1321.03,1321.03,-0.65%,"380,432,758.80",-
BANKING,4/27/2025,1335.52,1340.89,1328.66,1329.71,-0.39%,"603,536,124.00",-
BANKING,4/24/2025,1334.46,1342.66,1324.43,1334.96,0.04%,"381,710,771.00",-
BANKING,4/23/2025,1350.21,1351.12,1328.54,1334.49,-1.23%,"579,067,656.40",-
BANKING,4/22/2025,1360.9,1363.79,1349.65,1351.17,-0.74%,"346,072,970.90",-
BANKING,4/21/2025,1375.51,1375.5,1359.65,1361.23,-0.86%,"482,477,086.30",-
BANKING,4/20/2025,1390.18,1395.67,1369.04,1372.98,-0.71%,"627,321,045.40",-
BANKING,4/17/2025,1368.31,1386.56,1365.87,1382.75,1.14%,"416,753,414.00",-
BANKING,4/16/2025,1382.96,1382.95,1362.11,1367.12,0.40%,"304,666,590.30",-
BANKING,4/15/2025,1378.84,1378.84,1356.46,1361.68,0.48%,"307,825,278.60",-
BANKING,4/13/2025,1363.91,1365.33,1352.93,1355.12,-0.21%,"363,022,922.00",-
BANKING,4/10/2025,1359.67,1373.44,1356.68,1358.03,-0.09%,"562,474,278.10",-
BANKING,4/9/2025,1379.73,1381.19,1356.48,1359.31,-0.04%,"225,289,341.90",-
BANKING,4/8/2025,1363.7,1368.11,1343.69,1359.83,-0.31%,"351,552,546.20",-
BANKING,4/7/2025,1377.88,1388.6,1362,1364,-0.98%,"263,337,762.30",-
BANKING,4/3/2025,1364.3,1401.54,1361.88,1377.43,0.96%,"635,737,763.70",-
BANKING,4/2/2025,1380.57,1380.56,1353.25,1364.29,0.51%,"342,934,892.60",-
BANKING,4/1/2025,1367.48,1372.09,1351.75,1357.32,-0.74%,"290,301,346.70",-
BANKING,3/30/2025,1354.98,1380.07,1354.52,1367.47,0.83%,"408,924,601.20",-
BANKING,3/27/2025,1370.75,1370.74,1342.36,1356.27,0.91%,"305,156,534.80",-
BANKING,3/26/2025,1327.89,1345.81,1326.48,1344.09,1.15%,"313,950,534.90",-
BANKING,3/25/2025,1360.28,1360.28,1326.81,1328.8,-1.42%,"417,117,076.20",-
BANKING,3/24/2025,1335.99,1350.84,1325.45,1347.97,0.72%,"386,660,522.90",-
BANKING,3/23/2025,1359.53,1364.81,1337.5,1338.34,-1.56%,"400,121,785.71",-
BANKING,3/20/2025,1366.11,1368.7,1358.72,1359.53,-0.48%,"325,284,038.40",-
BANKING,3/19/2025,1373.82,1378.59,1365.48,1366.1,-0.56%,"324,701,846.50",-
BANKING,3/18/2025,1392.47,1394.25,1369.4,1373.82,-0.15%,"233,300,189.50",-
BANKING,3/17/2025,1378.79,1391.42,1369.85,1375.83,-0.21%,"285,763,130.50",-
BANKING,3/16/2025,1392.21,1392.72,1370.44,1378.79,-0.80%,"334,068,649.00",-
BANKING,3/12/2025,1381.28,1397.1,1381.14,1389.97,0.53%,"292,418,832.30",-
BANKING,3/11/2025,1392.35,1400.24,1379.17,1382.62,-0.70%,"359,267,090.30",-
BANKING,3/10/2025,1397.4,1411.29,1385.51,1392.35,-0.44%,"391,325,886.40",-
BANKING,3/9/2025,1419.86,1421.89,1395.72,1398.51,-1.37%,"431,794,724.30",-
BANKING,3/6/2025,1417.89,1424.64,1411.39,1417.9,0.03%,"394,806,680.60",-
BANKING,3/5/2025,1432.37,1439.9,1411.62,1417.46,-1.04%,"574,207,882.50",-
BANKING,3/4/2025,1440.45,1453.93,1428.38,1432.36,-1.06%,"835,561,329.40",-
BANKING,3/3/2025,1472.14,1485.86,1444.74,1447.69,-1.36%,"961,480,569.10",-
BANKING,3/2/2025,1447.06,1467.64,1440.02,1467.64,2.54%,"1,094,292,458.60",-
BANKING,2/27/2025,1410.15,1459.76,1409.8,1431.34,3.32%,"1,187,792,316.60",-
BANKING,2/25/2025,1384.72,1398.26,1382.11,1385.34,0.03%,"418,148,015.60",-
BANKING,2/24/2025,1375.99,1403,1375.98,1384.98,0.09%,"504,602,601.20",-
BANKING,2/23/2025,1368.11,1395.99,1353.85,1383.75,0.04%,"716,573,118.50",-
BANKING,2/20/2025,1385.19,1399.28,1379.7,1383.26,-0.56%,"385,129,809.50",-
BANKING,2/18/2025,1403.12,1409.12,1384.69,1390.98,0.22%,"692,547,618.80",-
BANKING,2/17/2025,1362.64,1395.23,1360.75,1387.87,2.17%,"687,579,419.40",-
BANKING,2/16/2025,1345.21,1359.89,1344,1358.42,0.98%,"390,762,582.80",-
BANKING,2/13/2025,1351.36,1353.34,1342.98,1345.21,-0.23%,"280,041,742.30",-
BANKING,2/12/2025,1348.54,1357.84,1343.42,1348.32,-0.06%,"324,226,087.90",-
BANKING,2/11/2025,1350.48,1359.59,1347.13,1349.11,-0.21%,"296,319,965.50",-
BANKING,2/10/2025,1348.5,1362.16,1346.67,1351.91,-0.18%,"318,082,694.20",-
BANKING,2/9/2025,1351.7,1370.11,1349.71,1354.3,-0.36%,"355,541,851.50",-
BANKING,2/6/2025,1364.5,1374.09,1355.79,1359.14,-0.35%,"337,092,398.80",-
BANKING,2/5/2025,1367.54,1372.48,1361.06,1363.89,-0.27%,"327,524,336.50",-
BANKING,2/4/2025,1378.96,1389.61,1364.62,1367.54,-0.57%,"397,584,798.70",-
BANKING,2/3/2025,1370.64,1400.63,1369.73,1375.4,0.54%,"623,503,424.50",-
BANKING,2/2/2025,1335.56,1367.98,1335.55,1367.97,2.53%,"609,093,883.20",-
BANKING,1/28/2025,1331.2,1338.73,1326.19,1334.22,0.23%,"425,872,669.00",-
BANKING,1/27/2025,1335.92,1345.18,1327.63,1331.22,-0.56%,"314,126,015.00",-
BANKING,1/26/2025,1348.88,1356,1335.71,1338.71,-0.89%,"307,456,396.00",-
BANKING,1/23/2025,1359.79,1374.39,1347.15,1350.74,-0.62%,"325,991,062.70",-
BANKING,1/22/2025,1341.62,1366.4,1337.06,1359.15,1.33%,"515,709,116.20",-
BANKING,1/21/2025,1346.59,1351.15,1337.03,1341.32,-0.36%,"357,514,393.10",-
BANKING,1/20/2025,1352.98,1365.8,1345.03,1346.11,-0.21%,"623,767,267.70",-
BANKING,1/19/2025,1348.35,1349.55,1335.88,1348.91,0.18%,"323,085,719.40",-
BANKING,1/16/2025,1358.1,1362.08,1341.41,1346.54,-0.75%,"351,908,111.90",-
BANKING,1/15/2025,1366.35,1367.26,1354.02,1356.71,-0.81%,"292,955,453.70",-
BANKING,1/13/2025,1376.16,1376.15,1360.93,1367.8,-0.35%,"447,360,069.59",-
BANKING,1/12/2025,1395.87,1395.86,1368.71,1372.62,-0.87%,"186,877,621.50",-
BANKING,1/9/2025,1392.84,1393.27,1379.47,1384.6,-0.43%,"410,562,327.60",-
BANKING,1/8/2025,1409.89,1410.98,1387,1390.61,-0.26%,"396,906,478.10",-
BANKING,1/7/2025,1407.55,1408.21,1388.5,1394.28,-0.22%,"314,572,550.20",-
BANKING,1/6/2025,1385.38,1399,1380.27,1397.3,1.10%,"465,866,535.00",-
BANKING,1/5/2025,1388.21,1390.87,1378.54,1382.14,-0.55%,"427,110,145.30",-
BANKING,1/2/2025,1396.38,1396.38,1383.13,1389.85,-0.15%,"315,380,285.60",-
BANKING,1/1/2025,1402.28,1403.1,1390.91,1391.9,-0.74%,"344,254,481.10",-
BANKING,12/31/2024,1423.84,1424.73,1386.67,1402.33,-0.93%,"763,306,697.40",-
BANKING,12/29/2024,1435.7,1440.13,1412.93,1415.43,-0.87%,"721,335,069.90",-
BANKING,12/26/2024,1405.28,1441.01,1391.22,1427.91,1.82%,"1,229,555,332.20",-
BANKING,12/24/2024,1394.13,1409.39,1386.97,1402.44,0.76%,"389,007,534.90",-
BANKING,12/23/2024,1378.61,1391.83,1373.76,1391.83,0.85%,"379,445,361.45",-
BANKING,12/22/2024,1374.73,1401.97,1374.73,1380.11,-0.88%,"377,853,780.65",-
BANKING,12/19/2024,1402.32,1407.85,1390.32,1392.31,-0.82%,"389,769,697.20",-
BANKING,12/18/2024,1408.96,1419.28,1399.17,1403.83,-0.36%,"304,681,277.80",-
BANKING,12/17/2024,1408.85,1421.8,1395.95,1408.96,0.17%,"308,713,012.90",-
BANKING,12/16/2024,1427.83,1429.27,1402.44,1406.5,-1.49%,"385,584,028.80",-
BANKING,12/12/2024,1478.35,1478.35,1422.63,1427.83,-1.72%,"423,913,157.60",-
BANKING,12/11/2024,1407.74,1452.83,1397.38,1452.83,3.43%,"519,868,152.50",-
BANKING,12/10/2024,1406.63,1418.98,1398.83,1404.63,-0.16%,"413,473,229.80",-
BANKING,12/9/2024,1412.07,1423.16,1399.01,1406.85,-0.47%,"363,401,581.20",-
BANKING,12/8/2024,1440.26,1440.26,1407.18,1413.44,-1.86%,"641,337,132.90",-
BANKING,12/5/2024,1455.51,1457.35,1436.6,1440.26,-0.97%,"429,346,747.30",-
BANKING,12/4/2024,1480.39,1480.38,1452.76,1454.41,-0.34%,"468,149,933.10",-
BANKING,12/3/2024,1479.01,1481.37,1452,1459.44,-0.20%,"572,554,265.60",-
BANKING,12/2/2024,1487.57,1487.95,1457.63,1462.33,-0.57%,"568,819,374.90",-
BANKING,12/1/2024,1509.77,1509.77,1467.28,1470.66,-1.48%,"591,533,651.00",-
BANKING,11/28/2024,1505.89,1509.77,1490.58,1492.68,-0.87%,"482,420,738.10",-
BANKING,11/27/2024,1503.84,1511.53,1498.65,1505.82,0.32%,"554,905,135.80",-
BANKING,11/26/2024,1501.51,1507.8,1480.9,1501.05,1.20%,"602,294,824.30",-
BANKING,11/25/2024,1503.53,1503.52,1472.15,1483.24,0.12%,"427,905,730.30",-
BANKING,11/24/2024,1503.38,1507.71,1479.13,1481.49,-0.55%,"562,422,870.40",-
BANKING,11/21/2024,1504.05,1512.67,1487.56,1489.63,-0.91%,"640,286,171.80",-
BANKING,11/20/2024,1509.83,1513.36,1494.76,1503.3,-0.26%,"519,063,247.21",-
BANKING,11/19/2024,1525.22,1529.2,1503.6,1507.28,-1.12%,"751,035,134.70",-
BANKING,11/17/2024,1526.78,1544.68,1521.91,1524.32,-0.22%,"747,156,216.70",-
BANKING,11/14/2024,1527.46,1537.21,1515.78,1527.65,0.45%,"780,950,619.05",-
BANKING,11/13/2024,1541.94,1547.32,1519.76,1520.87,-1.38%,"462,218,050.80",-
BANKING,11/12/2024,1550.5,1562.89,1538.36,1542.13,-0.35%,"748,989,147.20",-
BANKING,11/11/2024,1534.67,1561.01,1533.19,1547.6,1.05%,"1,116,447,638.90",-
BANKING,11/10/2024,1509.94,1531.57,1507.47,1531.57,1.62%,"711,415,433.80",-
BANKING,11/6/2024,1507.68,1516.24,1503.8,1507.12,-0.16%,"400,204,264.80",-
BANKING,11/5/2024,1523.31,1527.03,1508.73,1509.59,-0.82%,"358,323,839.90",-
BANKING,10/30/2024,1533.17,1542.22,1519.04,1522,-0.72%,"704,957,947.60",-
BANKING,10/29/2024,1513.11,1533.77,1511.8,1533.1,1.61%,"593,861,996.40",-
BANKING,10/28/2024,1506.56,1513.38,1500.68,1508.81,0.35%,"468,570,715.80",-
BANKING,10/27/2024,1525.57,1525.56,1498.66,1503.62,-1.30%,"736,488,868.30",-
BANKING,10/24/2024,1540.01,1547.5,1511.41,1523.46,-1.03%,"716,835,097.30",-
BANKING,10/23/2024,1579.98,1592.23,1534.39,1539.25,-1.70%,"1,484,410,699.00",-
BANKING,10/22/2024,1557.2,1575.87,1546.41,1565.87,0.69%,"776,267,060.20",-
BANKING,10/21/2024,1595.71,1597.01,1554.36,1555.17,-2.30%,"933,398,309.10",-
BANKING,10/20/2024,1598.28,1626.41,1569.93,1591.79,-1.02%,"1,565,557,096.53",-
BANKING,10/17/2024,1605.38,1632.61,1595.92,1608.24,0.40%,"1,503,769,818.90",-
BANKING,10/16/2024,1573.12,1602.68,1573.11,1601.81,1.98%,"944,510,484.04",-
BANKING,10/15/2024,1546.12,1572.27,1545.35,1570.64,1.59%,"464,070,201.50",-
BANKING,10/9/2024,1542.66,1546.71,1529.73,1546.03,0.05%,"703,193,651.24",-
BANKING,10/8/2024,1553.82,1565.32,1539.5,1545.27,-0.37%,"719,870,601.80",-
BANKING,10/7/2024,1523.76,1561.02,1523.75,1550.99,1.91%,"1,068,953,191.99",-
BANKING,10/6/2024,1489.42,1522.35,1482.02,1521.94,2.20%,"760,083,310.40",-
BANKING,10/2/2024,1504.18,1514.27,1483.63,1489.11,-0.72%,"836,445,678.00",-
BANKING,10/1/2024,1444.59,1499.85,1444.59,1499.85,3.83%,"848,254,979.90",-
BANKING,9/30/2024,1428.69,1447.3,1424,1444.59,1.18%,"380,863,736.00",-
BANKING,9/29/2024,1437.38,1440.35,1414.95,1427.69,-0.74%,"391,874,008.70",-
BANKING,9/26/2024,1454.84,1467.33,1432.64,1438.36,-1.15%,"422,607,712.50",-
BANKING,9/25/2024,1430.1,1455.27,1412.49,1455.14,1.81%,"610,612,105.20",-
BANKING,9/24/2024,1459.31,1467.35,1424.89,1429.3,-2.00%,"637,660,801.80",-
BANKING,9/23/2024,1505.91,1505.91,1452.55,1458.54,-1.27%,"631,645,665.00",-
BANKING,9/22/2024,1482.83,1507.92,1463.13,1477.33,1.02%,"559,616,908.00",-
BANKING,9/18/2024,1451.59,1475.63,1433.61,1462.42,0.77%,"709,047,875.50",-
BANKING,9/16/2024,1468.23,1473.89,1445.66,1451.25,-1.60%,"693,482,816.40",-
BANKING,9/15/2024,1496.81,1527.29,1471.53,1474.81,-0.93%,"930,756,828.70",-
BANKING,9/12/2024,1472.02,1488.71,1444.83,1488.69,2.66%,"796,173,419.10",-
BANKING,9/11/2024,1466.93,1480.64,1446.62,1450.08,-0.94%,"591,992,270.50",-
BANKING,9/10/2024,1470.28,1492.93,1455.44,1463.89,-0.11%,"867,563,948.10",-
BANKING,9/9/2024,1501.28,1502.17,1457.51,1465.53,-2.29%,"946,082,421.70",-
BANKING,9/8/2024,1531.56,1545.47,1497.86,1499.81,-1.58%,"904,218,564.10",-
BANKING,9/5/2024,1537.11,1542.15,1503.24,1523.94,-0.70%,"885,700,968.10",-
BANKING,9/4/2024,1615.88,1615.87,1530.89,1534.64,-3.17%,"1,025,758,734.00",-
BANKING,9/3/2024,1604.07,1620.81,1579.03,1584.89,-0.66%,"1,191,024,681.80",-
BANKING,9/2/2024,1522,1597.21,1507.68,1595.44,4.74%,"1,524,323,189.10",-
BANKING,9/1/2024,1561.66,1573.52,1516.67,1523.24,-2.34%,"1,125,817,630.50",-
BANKING,8/29/2024,1592.92,1603.04,1546.12,1559.76,-1.81%,"1,245,430,167.40",-
BANKING,8/28/2024,1586.19,1625.07,1572.23,1588.59,0.93%,"1,783,664,844.40",-
BANKING,8/27/2024,1658.15,1663.39,1568.87,1573.97,-4.92%,"2,614,826,195.40",-
BANKING,8/25/2024,1718.88,1722.33,1648.74,1655.43,-3.31%,"2,425,148,179.00",-
BANKING,8/22/2024,1710.76,1738.61,1707.31,1712.18,0.17%,"2,202,756,681.60",-
BANKING,8/21/2024,1712.25,1723.56,1669.81,1709.25,0.60%,"3,236,398,837.70",-
BANKING,8/18/2024,1703.72,1755.37,1681.73,1699.12,0.84%,"4,962,083,169.00",-
BANKING,8/15/2024,1616.3,1702.34,1611.45,1684.93,5.65%,"5,080,880,120.60",-
BANKING,8/14/2024,1589.05,1595.53,1557.21,1594.75,0.72%,"1,788,573,581.15",-
BANKING,8/13/2024,1583.48,1604.08,1564.9,1583.34,0.45%,"2,055,191,811.04",-
BANKING,8/12/2024,1537.38,1585.43,1537.01,1576.18,2.96%,"2,601,937,559.40",-
BANKING,8/11/2024,1497.46,1530.9,1486.87,1530.9,3.57%,"2,196,654,830.25",-
BANKING,8/8/2024,1496.49,1512.44,1475.61,1481.22,-0.56%,"1,276,503,083.17",-
BANKING,8/7/2024,1443.73,1494.11,1431.22,1489.56,2.33%,"1,632,042,710.60",-
BANKING,8/6/2024,1552.06,1554.25,1452.84,1455.71,-5.97%,"2,833,310,244.30",-
BANKING,8/5/2024,1569.01,1599.78,1543.52,1548.08,-0.51%,"3,117,718,633.20",-
BANKING,8/1/2024,1582.92,1591.24,1551.03,1555.94,-1.40%,"1,990,009,503.60",-
BANKING,7/31/2024,1576.71,1597.54,1559.55,1578.02,1.05%,"2,411,864,592.00",-
BANKING,7/30/2024,1585.15,1586.12,1502.91,1561.66,-0.77%,"2,505,233,257.30",-
BANKING,7/29/2024,1604.17,1662.91,1569.17,1573.71,-0.04%,"4,334,529,130.90",-
BANKING,7/28/2024,1461.05,1574.81,1461.04,1574.34,9.90%,"3,962,874,692.70",-
BANKING,7/25/2024,1413.9,1434.64,1396.76,1432.58,1.35%,"1,742,766,269.40",-
BANKING,7/24/2024,1435.46,1452.12,1402.11,1413.44,-1.22%,"1,958,365,254.40",-
BANKING,7/23/2024,1399.35,1432.23,1374.74,1430.86,2.39%,"1,843,392,041.30",-
BANKING,7/22/2024,1421.88,1427.6,1375.3,1397.44,-1.23%,"2,136,009,482.20",-
BANKING,7/21/2024,1370.99,1417.25,1347.43,1414.87,3.87%,"2,400,208,513.90",-
BANKING,7/18/2024,1290.97,1382.53,1277.59,1362.16,6.28%,"2,263,504,994.80",-
BANKING,7/17/2024,1267.41,1282.06,1257.79,1281.67,2.09%,"1,060,235,448.20",-
BANKING,7/16/2024,1225.08,1256.43,1208.29,1255.43,2.76%,"675,951,674.80",-
BANKING,7/15/2024,1255.33,1261.33,1217.58,1221.73,-1.45%,"924,280,284.50",-
BANKING,7/14/2024,1216.05,1256.28,1214.35,1239.67,3.74%,"833,123,373.90",-
BANKING,7/11/2024,1180.07,1195.86,1173.88,1194.95,2.42%,"675,802,857.00",-
BANKING,7/10/2024,1163.09,1166.68,1150.42,1166.68,1.69%,"437,117,626.27",-
BANKING,7/9/2024,1146.09,1147.74,1132.85,1147.26,0.53%,"312,088,175.30",-
BANKING,7/8/2024,1143.15,1150.64,1136.29,1141.17,-0.06%,"263,100,255.70",-
BANKING,7/7/2024,1137,1145.98,1130.47,1141.86,0.66%,"4,532,285.20",-
BANKING,7/4/2024,1129.2,1145.13,1126.6,1134.37,0.49%,"330,935,904.00",-
BANKING,7/3/2024,1121.43,1128.84,1100.85,1128.84,0.63%,"246,337,898.50",-
BANKING,7/2/2024,1109.09,1161.48,1109.09,1121.76,3.04%,"411,041,689.90",-
BANKING,7/1/2024,1067.8,1088.68,1061.11,1088.68,2.04%,"226,686,429.90",-
BANKING,6/30/2024,1075.6,1079.41,1065.74,1066.91,-0.71%,"164,616,407.10",-
BANKING,6/27/2024,1075.88,1077.49,1069.99,1074.53,0.01%,"140,321,331.20",-
BANKING,6/26/2024,1083.02,1085.54,1072.21,1074.43,-0.65%,"203,428,691.10",-
BANKING,6/25/2024,1088.81,1094.28,1078.68,1081.49,-0.47%,"196,496,975.20",-
BANKING,6/24/2024,1090.61,1097.71,1083.03,1086.56,-0.29%,"167,267,007.70",-
BANKING,6/23/2024,1095.15,1098.09,1086.2,1089.76,-0.41%,"149,752,140.40",-
BANKING,6/20/2024,1120.24,1121.02,1091.59,1094.23,-0.62%,"169,301,760.40",-
BANKING,6/19/2024,1103.73,1105.66,1095.98,1101.03,0.15%,"130,414,350.40",-
BANKING,6/18/2024,1115.74,1115.73,1097.35,1099.41,-1.16%,"205,839,536.60",-
BANKING,6/16/2024,1125.27,1125.26,1108.89,1112.36,-0.85%,"175,609,486.20",-
BANKING,6/13/2024,1129.08,1132.27,1115.19,1121.93,-0.43%,"193,042,217.80",-
BANKING,6/12/2024,1119.91,1137.55,1119.28,1126.81,0.83%,"255,845,555.80",-
BANKING,6/11/2024,1118.83,1120.3,1094.87,1117.5,1.73%,"243,469,169.20",-
BANKING,6/10/2024,1119.28,1119.28,1091.88,1098.45,-0.02%,"187,191,983.52",-
BANKING,6/9/2024,1128.41,1128.41,1096.94,1098.71,-0.97%,"192,166,928.80",-
BANKING,6/6/2024,1119,1121.9,1107.52,1109.45,-0.69%,"196,168,665.80",-
BANKING,6/5/2024,1127.7,1130.76,1113.63,1117.19,-0.66%,"177,399,050.60",-
BANKING,6/4/2024,1129.33,1134.59,1121.05,1124.65,0.12%,"161,661,879.20",-
BANKING,6/3/2024,1136.98,1146.98,1120.58,1123.33,-0.74%,"179,954,303.40",-
BANKING,6/2/2024,1121,1132.62,1117.11,1131.72,1.11%,"259,026,501.30",-
BANKING,5/30/2024,1142.45,1146.88,1115.47,1119.25,-1.73%,"302,921,045.70",-
BANKING,5/29/2024,1187.19,1201.55,1138.12,1138.92,-2.94%,"444,064,405.50",-
BANKING,5/27/2024,1183.92,1188.28,1162.59,1173.45,-0.74%,"437,289,779.20",-
BANKING,5/26/2024,1196.21,1207.72,1172.73,1182.23,-0.88%,"738,466,086.00",-
BANKING,5/22/2024,1141.44,1199.37,1140.25,1192.73,4.23%,"1,072,427,189.80",-
BANKING,5/21/2024,1130.07,1144.29,1117.39,1144.28,1.78%,"455,082,986.50",-
BANKING,5/20/2024,1084.77,1147.29,1084.77,1124.29,4.19%,"780,477,711.20",-
BANKING,5/19/2024,1069.25,1082.93,1059,1079.09,2.63%,"379,767,913.60",-
BANKING,5/16/2024,1068.02,1068.02,1046.06,1051.41,-0.22%,"207,476,320.60",-
BANKING,5/15/2024,1060.08,1074.68,1051.88,1053.74,-0.55%,"178,294,172.00",-
BANKING,5/14/2024,1060.65,1069.07,1051.21,1059.53,0.25%,"198,200,487.50",-
BANKING,5/13/2024,1029.41,1063.26,1020.11,1056.87,3.21%,"395,770,321.46",-
BANKING,5/12/2024,1029.08,1029.07,1014.95,1024,0.44%,"166,760,268.80",-
BANKING,5/9/2024,1015.68,1020.35,1007.78,1019.54,0.47%,"129,971,586.80",-
BANKING,5/8/2024,1018.29,1020.58,1010.05,1014.79,-0.26%,"121,114,054.70",-
BANKING,5/7/2024,1019.16,1022.93,1014.78,1017.41,-0.08%,"122,723,984.20",-
BANKING,5/6/2024,1030.68,1030.68,1016.2,1018.27,-0.63%,"158,694,798.20",-
BANKING,5/5/2024,1037.04,1038.1,1019.34,1024.76,-1.10%,"165,337,268.10",-
BANKING,5/2/2024,1064.69,1064.69,1033.29,1036.19,-0.83%,"186,035,987.00",-
BANKING,4/30/2024,1051.06,1051.06,1030.67,1044.82,1.11%,"204,012,247.40",-
BANKING,4/29/2024,1045.64,1045.64,1025.68,1033.39,0.29%,"175,602,886.20",-
BANKING,4/28/2024,1038.51,1038.51,1022.28,1030.36,0.25%,"209,725,980.80",-
BANKING,4/25/2024,1032.07,1033.3,1024.62,1027.8,-0.20%,"197,827,132.70",-
BANKING,4/24/2024,1028.55,1033.19,1023.31,1029.86,0.21%,"203,018,985.40",-
BANKING,4/22/2024,1035.07,1041.7,1026.03,1027.67,-0.63%,"180,433,137.20",-
BANKING,4/21/2024,1037.75,1040.79,1021.27,1034.19,-0.34%,"241,415,945.70",-
BANKING,4/18/2024,1043.71,1046.51,1033.89,1037.75,-0.49%,"157,509,116.40",-
BANKING,4/16/2024,1048.85,1048.85,1040.09,1042.82,-0.42%,"140,012,124.70",-
BANKING,4/15/2024,1055.78,1057.58,1043.34,1047.21,-0.81%,"180,036,178.10",-
BANKING,4/14/2024,1060.16,1064.99,1052.41,1055.77,-0.33%,"167,732,918.80",-
BANKING,4/10/2024,1061.86,1067.57,1054.23,1059.23,-0.04%,"178,878,473.30",-
BANKING,4/9/2024,1063.2,1069.81,1056.47,1059.66,0.33%,"199,470,193.70",-
BANKING,4/7/2024,1051.69,1056.18,1041.12,1056.18,0.58%,"244,819,858.00",-
BANKING,4/4/2024,1055.87,1056.17,1048.64,1050.06,-0.45%,"164,823,936.80",-
BANKING,4/3/2024,1060.81,1062.39,1049.63,1054.8,-0.35%,"178,347,769.50",-
BANKING,4/2/2024,1063.69,1067.18,1054.89,1058.51,-0.19%,"138,131,478.70",-
BANKING,4/1/2024,1065.52,1065.52,1056.21,1060.51,-0.40%,"165,524,259.70",-
BANKING,3/31/2024,1071.52,1081.26,1062.07,1064.82,-0.54%,"162,063,900.30",-
BANKING,3/28/2024,1076.97,1077.3,1066.79,1070.6,-0.13%,"137,882,073.20",-
BANKING,3/27/2024,1079.04,1080.72,1068.83,1071.97,-0.57%,"155,422,606.10",-
BANKING,3/26/2024,1078.51,1081.53,1071.96,1078.09,0.05%,"145,016,833.60",-
BANKING,3/25/2024,1090.85,1091.59,1076.6,1077.59,-1.23%,"167,589,054.40",-
BANKING,3/21/2024,1099.08,1103.8,1088.69,1090.97,-0.67%,"144,947,259.20",-
BANKING,3/20/2024,1107.07,1111.9,1095.19,1098.37,-0.18%,"142,872,083.50",-
BANKING,3/19/2024,1108.1,1110.25,1098.3,1100.33,-0.79%,"135,394,120.20",-
BANKING,3/18/2024,1114.63,1118.73,1098.08,1109.07,-0.03%,"184,992,099.40",-
BANKING,3/17/2024,1118.31,1120.14,1104.71,1109.44,-0.63%,"182,973,532.34",-
BANKING,3/14/2024,1131.36,1133.53,1114.2,1116.44,-1.15%,"170,506,587.00",-
BANKING,3/13/2024,1140.41,1141.86,1120.7,1129.38,-0.10%,"221,138,435.50",-
BANKING,3/12/2024,1104.27,1130.52,1102.37,1130.52,3.10%,"255,767,078.00",-
BANKING,3/10/2024,1091.81,1101.81,1090.86,1096.5,0.75%,"157,840,200.80",-
BANKING,3/7/2024,1087.37,1095.84,1084.06,1088.34,0.55%,"141,218,340.10",-
BANKING,3/6/2024,1086.13,1094.67,1073.84,1082.37,-0.11%,"178,211,928.50",-
BANKING,3/5/2024,1126.53,1127.83,1079.33,1083.51,-3.01%,"234,753,234.60",-
BANKING,3/4/2024,1060.85,1117.14,1060.84,1117.14,5.94%,"22,267,517.80",-
BANKING,3/3/2024,1062.83,1064.92,1048.05,1054.46,-0.62%,"188,770,005.80",-
BANKING,2/29/2024,1070.71,1074.33,1060.2,1061.07,-0.89%,"246,573,468.20",-
BANKING,2/28/2024,1078.96,1079.3,1069.24,1070.58,-0.69%,"139,891,781.62",-
BANKING,2/27/2024,1073.82,1081.6,1067.56,1078,0.48%,"163,421,160.50",-
BANKING,2/26/2024,1072.91,1079.68,1063.56,1072.86,0.20%,"195,984,614.20",-
BANKING,2/25/2024,1089.53,1090.68,1070.35,1070.69,-1.64%,"264,253,893.50",-
BANKING,2/22/2024,1096.58,1100.92,1086.15,1088.54,-0.97%,"266,229,367.80",-
BANKING,2/21/2024,1103.2,1110.44,1097.22,1099.18,-0.27%,"220,843,981.80",-
BANKING,2/20/2024,1107.44,1110.5,1101.23,1102.21,-0.43%,"216,815,506.70",-
BANKING,2/18/2024,1111.82,1117.78,1105.09,1106.95,-0.66%,"338,066,182.90",-
BANKING,2/15/2024,1120,1121.12,1110.63,1114.27,-0.57%,"244,889,575.70",-
BANKING,2/14/2024,1121.61,1124.22,1117.01,1120.71,-0.14%,"195,622,283.40",-
BANKING,2/13/2024,1133.92,1136.06,1119.94,1122.32,-1.10%,"277,549,586.50",-
BANKING,2/12/2024,1135.34,1138.97,1128.82,1134.76,0.06%,"287,511,850.50",-
BANKING,2/11/2024,1146.56,1149.17,1133.42,1134.11,-0.79%,"281,977,144.30",-
BANKING,2/8/2024,1147.09,1147.08,1139.75,1143.13,-0.05%,"194,215,594.08",-
BANKING,2/7/2024,1158.41,1160.4,1141.73,1143.69,0.26%,"215,436,011.90",-
BANKING,2/6/2024,1139.56,1151.98,1138.51,1140.7,0.18%,"208,892,744.10",-
BANKING,2/5/2024,1137.96,1145.08,1135.25,1138.6,0.14%,"200,688,372.10",-
BANKING,2/4/2024,1140.69,1141.96,1134.04,1137.01,-0.24%,"240,575,789.30",-
BANKING,2/1/2024,1157.63,1157.62,1138.75,1139.7,-1.22%,"292,609,671.00",-
BANKING,1/31/2024,1159.15,1164.62,1151.78,1153.82,-0.59%,"320,686,882.40",-
BANKING,1/30/2024,1160.62,1171.93,1158.22,1160.67,-0.17%,"285,483,839.70",-
BANKING,1/29/2024,1165.73,1174.16,1160.64,1162.68,-0.06%,"275,687,965.30",-
BANKING,1/28/2024,1165.21,1171.55,1159.82,1163.42,-0.09%,"254,403,019.06",-
BANKING,1/25/2024,1163.65,1167.72,1158.57,1164.51,0.19%,"307,531,540.70",-
BANKING,1/24/2024,1159.37,1171.42,1157.9,1162.25,0.10%,"263,627,645.60",-
BANKING,1/23/2024,1166.07,1171.31,1159.51,1161.12,-0.42%,"341,150,056.30",-
BANKING,1/22/2024,1178.54,1179.91,1161.89,1166.07,-1.11%,"442,436,070.30",-
BANKING,1/21/2024,1207.81,1207.8,1177.3,1179.18,-2.42%,"586,474,778.20",-
BANKING,1/18/2024,1216.42,1217.04,1201.5,1208.48,-0.62%,"415,718,316.10",-
BANKING,1/17/2024,1214.28,1243.72,1211.89,1216.08,0.41%,"693,835,789.60",-
BANKING,1/16/2024,1188.9,1211.48,1188.9,1211.15,2.04%,"570,072,752.90",-
BANKING,1/14/2024,1181.98,1194.74,1180.9,1186.97,0.47%,"299,533,960.80",-
BANKING,1/11/2024,1184.87,1190.85,1179.13,1181.41,-0.10%,"251,139,859.50",-
BANKING,1/10/2024,1169.44,1197.61,1169.43,1182.62,1.13%,"378,896,936.10",-
BANKING,1/9/2024,1163.98,1173.92,1162.13,1169.43,0.67%,"328,366,417.40",-
BANKING,1/8/2024,1155.32,1164.38,1154.99,1161.64,0.60%,"340,882,596.80",-
BANKING,1/7/2024,1175.91,1180.42,1154.34,1154.74,-1.81%,"397,319,238.30",-
BANKING,1/4/2024,1182.25,1188.35,1174.33,1176.07,-0.55%,"275,117,344.60",-
BANKING,1/3/2024,1178.93,1182.75,1171.64,1182.58,0.36%,"245,814,805.60",-
BANKING,1/2/2024,1191.59,1193.94,1174.84,1178.34,-1.15%,"285,623,262.70",-
BANKING,1/1/2024,1192.86,1204.61,1189.57,1192.1,0.01%,"287,879,823.40",-
BANKING,12/28/2023,1197.96,1201.2,1190.17,1191.94,-0.50%,"269,608,800.70",-
BANKING,12/27/2023,1209.79,1220.16,1192.91,1197.96,-0.88%,"349,055,072.70",-
BANKING,12/24/2023,1227.95,1230.69,1208.11,1208.65,-1.55%,"386,779,618.90",-
BANKING,12/21/2023,1252.76,1254.01,1226.22,1227.66,-1.87%,"461,734,485.30",-
BANKING,12/20/2023,1247.66,1261.82,1245.3,1251.1,0.62%,"576,811,676.90",-
BANKING,12/19/2023,1216.54,1244.13,1212.81,1243.33,2.46%,"601,765,469.90",-
BANKING,12/18/2023,1190.01,1218.41,1188.25,1213.44,2.06%,"648,017,563.20",-
BANKING,12/17/2023,1186.48,1189.98,1158.36,1188.98,-0.68%,"422,632,400.40",-
BANKING,12/14/2023,1198.85,1202.79,1192.45,1197.1,-0.03%,"275,848,771.80",-
BANKING,12/13/2023,1193.87,1208.15,1193.02,1197.45,0.60%,"374,665,931.55",-
BANKING,12/12/2023,1189.99,1196.87,1186.1,1192.57,0.22%,"336,660,464.50",-
BANKING,12/11/2023,1220.51,1221.82,1180.79,1189.99,-1.26%,"472,983,588.80",-
BANKING,12/10/2023,1146.23,1206.06,1146.22,1205.22,5.68%,"33,519,319.20",-
BANKING,12/7/2023,1133.47,1143.38,1128.78,1140.42,0.61%,"122,402,479.70",-
BANKING,12/6/2023,1134.51,1136.35,1128.54,1133.47,-0.09%,"121,563,726.90",-
BANKING,12/5/2023,1137.26,1141.11,1131.45,1134.51,-0.24%,"113,695,453.10",-
BANKING,12/4/2023,1141.62,1145.82,1136.25,1137.25,-0.63%,"123,101,384.50",-
BANKING,12/3/2023,1149.09,1153.26,1138.09,1144.41,-0.49%,"122,209,318.90",-
BANKING,11/30/2023,1158.73,1161.35,1144.58,1150.04,-0.92%,"142,669,149.90",-
BANKING,11/29/2023,1167.75,1172.8,1157.71,1160.7,-0.76%,"103,739,866.30",-
BANKING,11/28/2023,1175.76,1180.01,1167,1169.57,-0.53%,"139,814,942.80",-
BANKING,11/27/2023,1186.2,1194.68,1171.07,1175.76,-0.84%,"155,796,717.80",-
BANKING,11/26/2023,1162.2,1186.26,1151.3,1185.74,1.87%,"238,867,530.00",-
BANKING,11/23/2023,1167.34,1167.33,1146.86,1163.95,-0.72%,"253,762,814.20",-
BANKING,11/22/2023,1170.5,1172.46,1158.52,1172.44,0.29%,"129,579,823.90",-
BANKING,11/21/2023,1175.33,1178.75,1164.24,1169.04,-0.54%,"118,093,713.30",-
BANKING,11/20/2023,1175.83,1186.77,1172.57,1175.33,0.21%,"130,898,970.40",-
BANKING,11/9/2023,1177.4,1177.64,1168.31,1172.91,-0.22%,"109,028,370.10",-
BANKING,11/8/2023,1170.04,1179.59,1167.38,1175.47,0.26%,"98,768,973.00",-
BANKING,11/7/2023,1170.06,1180.32,1167.96,1172.47,0.21%,"189,838,639.30",-
BANKING,11/6/2023,1163.68,1177.65,1161.16,1170.06,0.55%,"165,853,348.60",-
BANKING,11/5/2023,1180.25,1180.27,1161.26,1163.67,-1.51%,"273,335,684.80",-
BANKING,11/2/2023,1192,1193.64,1180.12,1181.49,-0.88%,"131,521,262.50",-
BANKING,11/1/2023,1192.24,1197.29,1187.27,1191.99,-0.02%,"116,108,515.60",-
BANKING,10/31/2023,1200.51,1202.57,1190.44,1192.24,-0.74%,"106,887,637.00",-
BANKING,10/30/2023,1202.12,1202.12,1188.66,1201.15,0.05%,"122,025,705.60",-
BANKING,10/29/2023,1217.62,1219.14,1195.74,1200.57,-1.40%,"111,161,524.80",-
BANKING,10/19/2023,1217.31,1224.02,1205.92,1217.61,0.10%,"169,006,142.30",-
BANKING,10/18/2023,1187.14,1218.75,1187.14,1216.41,2.47%,"157,285,293.80",-
BANKING,10/17/2023,1174.18,1193.79,1174.17,1187.14,1.10%,"186,636,297.70",-
BANKING,10/16/2023,1183.28,1187.74,1172.29,1174.17,-0.77%,"191,665,761.10",-
BANKING,10/12/2023,1191.35,1194.21,1180.23,1183.28,-0.75%,"360,709,332.90",-
BANKING,10/11/2023,1191.3,1200.34,1188.83,1192.25,0.08%,"180,255,815.20",-
BANKING,10/10/2023,1200.9,1205.11,1190.58,1191.29,-0.80%,"190,286,110.60",-
BANKING,10/9/2023,1209.96,1212.03,1198.98,1200.9,-0.74%,"198,161,297.94",-
BANKING,10/8/2023,1232.7,1232.7,1209.55,1209.85,-1.41%,"315,111,234.40",-
BANKING,10/5/2023,1231.99,1233.24,1225.2,1227.15,-0.41%,"201,844,268.20",-
BANKING,10/4/2023,1232.9,1237.62,1227.34,1232.17,-0.01%,"202,505,811.70",-
BANKING,10/3/2023,1239.84,1244.63,1229.81,1232.25,-0.61%,"246,097,674.80",-
BANKING,10/2/2023,1239.1,1245.48,1229.61,1239.84,0.02%,"450,850,640.60",-
BANKING,10/1/2023,1254,1255.88,1235.93,1239.63,-1.08%,"349,435,016.90",-
BANKING,9/27/2023,1261.48,1267.91,1248.83,1253.14,-0.58%,"273,706,185.50",-
BANKING,9/26/2023,1258.57,1274.47,1256.84,1260.45,0.17%,"289,726,904.20",-
BANKING,9/25/2023,1265.19,1268.8,1254.44,1258.34,-0.36%,"233,686,197.70",-
BANKING,9/24/2023,1268.65,1274.12,1258.96,1262.88,-0.45%,"424,316,559.20",-
BANKING,9/21/2023,1261.66,1282.58,1260.63,1268.65,0.88%,"484,374,453.30",-
BANKING,9/19/2023,1254.6,1259.96,1249.05,1257.63,0.33%,"207,473,397.30",-
BANKING,9/18/2023,1259.18,1259.17,1246.33,1253.53,-0.40%,"209,279,338.60",-
BANKING,9/17/2023,1282.7,1284.57,1254.98,1258.57,-1.43%,"681,101,020.40",-
BANKING,9/13/2023,1264.29,1277.28,1262.47,1276.8,0.99%,"359,769,837.00",-
BANKING,9/12/2023,1270.78,1281.09,1260.65,1264.28,-0.43%,"295,460,182.00",-
BANKING,9/11/2023,1245.31,1270.29,1245.31,1269.76,1.96%,"359,604,112.30",-
BANKING,9/10/2023,1238.3,1248.67,1237.63,1245.31,0.65%,"253,026,107.20",-
BANKING,9/7/2023,1249.82,1250.94,1236.33,1237.27,-1.08%,"244,746,617.00",-
BANKING,9/5/2023,1253.45,1262.28,1248.67,1250.77,-0.23%,"176,614,761.80",-
BANKING,9/4/2023,1251.71,1262.21,1243.73,1253.69,0.16%,"228,680,027.40",-
BANKING,9/3/2023,1263.22,1265.12,1250.81,1251.7,-0.88%,"259,113,387.80",-
BANKING,8/30/2023,1267.41,1274.49,1261.19,1262.8,-0.07%,"360,996,197.20",-
BANKING,8/29/2023,1265.12,1270.13,1259.97,1263.64,-0.17%,"187,744,561.70",-
BANKING,8/28/2023,1260.17,1272.78,1260.05,1265.84,0.53%,"237,040,930.60",-
BANKING,8/27/2023,1269.67,1270.18,1258.54,1259.22,-0.82%,"227,979,942.60",-
BANKING,8/24/2023,1280.44,1284.98,1267.69,1269.6,-0.75%,"283,471,902.70",-
BANKING,8/23/2023,1272.37,1283.79,1270.34,1280.89,0.75%,"241,320,093.00",-
BANKING,8/22/2023,1268.24,1274.57,1261.52,1271.35,0.38%,"213,061,619.30",-
BANKING,8/21/2023,1270.5,1274.81,1263.77,1266.58,-0.31%,"247,208,745.70",-
BANKING,8/20/2023,1274.11,1279.38,1265.45,1270.5,-0.28%,"273,602,369.50",-
BANKING,8/17/2023,1271.5,1281.6,1270.77,1274.1,0.25%,"235,319,918.10",-
BANKING,8/16/2023,1280.34,1280.77,1264.84,1270.92,-0.73%,"289,090,478.40",-
BANKING,8/15/2023,1293.7,1296.25,1277.68,1280.33,-0.93%,"340,638,067.30",-
BANKING,8/14/2023,1281.64,1300.79,1281.64,1292.3,0.53%,"487,418,727.60",-
BANKING,8/13/2023,1272.84,1293.11,1269.27,1285.43,1.07%,"476,402,307.10",-
BANKING,8/10/2023,1270.51,1279,1263.87,1271.81,-0.02%,"333,304,166.20",-
BANKING,8/9/2023,1259.86,1272.63,1247.02,1272.05,0.97%,"329,569,461.70",-
BANKING,8/8/2023,1274.79,1276.17,1255.39,1259.86,-1.04%,"334,128,663.00",-
BANKING,8/7/2023,1285.04,1287.13,1265.23,1273.12,-0.95%,"517,078,028.50",-
BANKING,8/6/2023,1319.22,1327.8,1280.42,1285.32,-1.71%,"1,099,022,516.70",-
BANKING,8/3/2023,1302.27,1318.3,1301.21,1307.66,0.46%,"393,872,281.70",-
BANKING,8/2/2023,1291.79,1302.57,1287.93,1301.63,0.81%,"341,724,781.70",-
BANKING,8/1/2023,1303.53,1316.14,1287.57,1291.12,-0.94%,"338,752,428.10",-
BANKING,7/31/2023,1288.58,1313.83,1286.13,1303.35,0.75%,"413,110,384.50",-
BANKING,7/30/2023,1303.03,1314.8,1287.18,1293.66,-0.61%,"508,444,550.60",-
BANKING,7/27/2023,1312.41,1326.79,1300.19,1301.64,-1.00%,"463,939,429.10",-
BANKING,7/26/2023,1317.86,1333.9,1305.21,1314.77,-0.05%,"477,025,468.30",-
BANKING,7/25/2023,1352.63,1357,1314.16,1315.38,-2.75%,"662,896,441.23",-
BANKING,7/24/2023,1378.63,1394.8,1347.41,1352.63,-2.01%,"1,347,224,885.90",-
BANKING,7/23/2023,1317.61,1381.27,1315.13,1380.31,4.99%,"1,152,808,980.10",-
BANKING,7/20/2023,1313.8,1327,1306.52,1314.74,0.10%,"662,625,555.40",-
BANKING,7/19/2023,1284.53,1317.25,1276.52,1313.48,2.31%,"873,346,796.50",-
BANKING,7/18/2023,1270.9,1294.21,1271.9,1283.82,1.08%,"613,688,355.40",-
BANKING,7/17/2023,1234.8,1270.44,1234.15,1270.08,2.86%,"432,898,984.30",-
BANKING,7/16/2023,1218.55,1236.23,1218.55,1234.8,1.33%,"315,582,129.20",-
BANKING,7/13/2023,1208.22,1232.72,1208.22,1218.55,0.31%,"336,828,495.70",-
BANKING,7/12/2023,1206.01,1217.01,1204.81,1214.77,0.73%,"277,344,800.60",-
BANKING,7/11/2023,1208.8,1213.65,1202.25,1206,-0.23%,"310,748,481.50",-
BANKING,7/10/2023,1209.4,1221.31,1204.97,1208.79,-0.02%,"399,079,686.50",-
BANKING,7/9/2023,1197.74,1219.57,1197.74,1209,0.68%,"408,970,075.50",-
BANKING,7/6/2023,1204.48,1212.37,1197.68,1200.86,-0.30%,"390,586,371.90",-
BANKING,7/5/2023,1210.32,1225.1,1202.22,1204.47,-0.90%,"393,254,738.90",-
BANKING,7/4/2023,1212.86,1226.91,1209.48,1215.46,0.09%,"307,934,409.80",-
BANKING,7/3/2023,1225.41,1228.55,1212.28,1214.4,-1.02%,"339,843,128.15",-
BANKING,7/2/2023,1257.81,1262.34,1224.37,1226.95,-2.38%,"460,790,658.75",-
BANKING,6/28/2023,1281.12,1302.51,1252.88,1256.83,-1.54%,"570,695,101.90",-
BANKING,6/27/2023,1229.86,1276.6,1229.86,1276.49,3.93%,"780,072,668.70",-
BANKING,6/26/2023,1219.85,1237.99,1219.85,1228.25,0.69%,"600,758,313.30",-
BANKING,6/25/2023,1207.11,1223.19,1201.51,1219.85,1.06%,"586,960,772.98",-
BANKING,6/22/2023,1214.05,1221.25,1202.81,1207.11,-0.57%,"280,089,837.00",-
BANKING,6/21/2023,1224.98,1229.81,1212.05,1214.04,-0.83%,"382,825,654.90",-
BANKING,6/20/2023,1224.54,1239.71,1221.4,1224.17,-0.04%,"279,545,063.30",-
BANKING,6/19/2023,1233.63,1240.02,1223.29,1224.61,-0.67%,"310,868,623.90",-
BANKING,6/18/2023,1235.44,1239.02,1228.69,1232.93,-0.29%,"374,339,680.80",-
BANKING,6/15/2023,1242.73,1245.23,1231.39,1236.48,-0.19%,"315,465,969.20",-
BANKING,6/14/2023,1222.45,1251.97,1221.2,1238.87,1.29%,"570,511,477.40",-
BANKING,6/13/2023,1215.45,1228.8,1209.15,1223.13,0.63%,"375,659,332.90",-
BANKING,6/12/2023,1212.74,1226.97,1212.43,1215.45,0.25%,"248,192,708.10",-
BANKING,6/11/2023,1204.17,1215.92,1203.43,1212.44,0.74%,"318,029,903.80",-
BANKING,6/8/2023,1208.53,1210.84,1200.99,1203.55,-0.26%,"224,137,905.40",-
BANKING,6/7/2023,1210.28,1215.94,1204.9,1206.69,-0.22%,"217,644,182.30",-
BANKING,6/6/2023,1207.51,1212.66,1201.12,1209.3,0.15%,"203,429,264.60",-
BANKING,6/5/2023,1219.63,1229.55,1206.34,1207.5,-0.75%,"198,006,655.70",-
BANKING,6/4/2023,1199.31,1233.11,1195.9,1216.66,1.45%,"238,180,370.10",-
BANKING,6/1/2023,1193.11,1207.87,1185.59,1199.31,0.58%,"265,026,491.10",-
BANKING,5/31/2023,1208.97,1214.6,1189.29,1192.36,-1.54%,"392,338,988.20",-
BANKING,5/30/2023,1240.7,1240.7,1209.68,1211.03,-2.42%,"339,090,122.80",-
BANKING,5/28/2023,1247.6,1261.5,1239.15,1241.04,-0.42%,"374,258,742.00",-
BANKING,5/24/2023,1245.06,1259.14,1236.74,1246.25,0.17%,"228,318,332.80",-
BANKING,5/23/2023,1222.84,1246.13,1222.84,1244.11,1.74%,"345,218,179.00",-
BANKING,5/22/2023,1223.13,1226.39,1214.69,1222.83,-0.02%,"202,060,844.70",-
BANKING,5/21/2023,1222.47,1237.14,1221.23,1223.12,0.05%,"231,111,727.00",-
BANKING,5/18/2023,1210.53,1227.92,1209.92,1222.46,1.10%,"285,844,342.20",-
BANKING,5/17/2023,1200.47,1213.42,1200.39,1209.14,0.72%,"182,996,830.30",-
BANKING,5/16/2023,1201.8,1205.13,1196.66,1200.47,-0.11%,"183,368,999.30",-
BANKING,5/15/2023,1205.5,1207.8,1197.35,1201.79,-0.31%,"186,202,404.60",-
BANKING,5/14/2023,1213.85,1224.24,1200.58,1205.5,-0.71%,"238,398,893.72",-
BANKING,5/11/2023,1211.96,1215.15,1207.87,1214.17,0.05%,"120,598,037.50",-
BANKING,5/10/2023,1217.93,1224.28,1212.65,1213.54,-0.22%,"152,701,678.70",-
BANKING,5/9/2023,1208.67,1224.05,1207.39,1216.17,0.30%,"135,024,237.70",-
BANKING,5/8/2023,1219.95,1225.23,1208.69,1212.59,-0.53%,"159,157,208.70",-
BANKING,5/7/2023,1229.48,1232.29,1217.78,1219.09,-0.74%,"144,574,231.40",-
BANKING,5/4/2023,1224.03,1238.38,1216.77,1228.2,0.34%,"158,804,203.70",-
BANKING,5/3/2023,1226.39,1228.96,1219.5,1224.03,-0.16%,"131,523,388.00",-
BANKING,5/2/2023,1227.57,1237.23,1219.72,1226.01,-0.09%,"163,260,834.90",-
BANKING,4/30/2023,1236.56,1239.54,1224.96,1227.08,-0.77%,"224,452,631.60",-
BANKING,4/27/2023,1235.03,1241.2,1225.79,1236.56,0.24%,"187,925,527.00",-
BANKING,4/26/2023,1243.23,1248.77,1231.5,1233.58,-0.62%,"185,913,664.30",-
BANKING,4/25/2023,1227.63,1241.24,1226.75,1241.24,0.99%,"168,502,387.50",-
BANKING,4/24/2023,1229.23,1232.85,1220.62,1229.07,-0.01%,"150,980,374.40",-
BANKING,4/23/2023,1245.95,1248.92,1226.9,1229.23,-1.34%,"198,191,860.90",-
BANKING,4/20/2023,1248.02,1261.76,1241.43,1245.94,-0.42%,"294,772,931.80",-
BANKING,4/19/2023,1237.77,1259.92,1237.77,1251.24,0.76%,"185,175,211.40",-
BANKING,4/18/2023,1237.61,1247.57,1233.13,1241.8,0.00%,"169,315,019.80",-
BANKING,4/17/2023,1254.99,1263.04,1240.09,1241.82,-1.05%,"199,087,184.70",-
BANKING,4/16/2023,1254.84,1268.36,1245.21,1254.99,0.01%,"176,697,086.70",-
BANKING,4/13/2023,1284.48,1292.37,1251.14,1254.84,-1.56%,"307,294,554.50",-
BANKING,4/12/2023,1207.56,1276.02,1207.56,1274.74,5.46%,"377,331,739.40",-
BANKING,4/11/2023,1194.46,1210.64,1192.16,1208.71,1.41%,"207,402,126.40",-
BANKING,4/10/2023,1187.81,1196.5,1184.5,1191.94,0.35%,"184,017,098.30",-
BANKING,4/9/2023,1203.73,1204.5,1184.69,1187.81,-1.26%,"268,597,977.80",-
BANKING,4/6/2023,1203.53,1217.28,1198.63,1202.92,0.04%,"185,851,596.80",-
BANKING,4/5/2023,1194.33,1203.67,1190.67,1202.38,0.65%,"169,424,196.30",-
BANKING,4/4/2023,1202.4,1205.3,1190.08,1194.56,-0.48%,"214,325,157.40",-
BANKING,4/3/2023,1209.31,1214.18,1195.84,1200.37,-0.74%,"210,921,010.40",-
BANKING,4/2/2023,1224.17,1237.39,1207.58,1209.31,-1.08%,"226,310,319.90",-
BANKING,3/30/2023,1228.53,1237.39,1219.02,1222.53,-0.42%,"145,205,907.80",-
BANKING,3/29/2023,1230.2,1230.82,1218.14,1227.68,-0.01%,"171,687,692.80",-
BANKING,3/28/2023,1224.06,1240.88,1224.06,1227.82,0.31%,"218,647,325.10",-
BANKING,3/27/2023,1219.97,1226.95,1205.79,1224.06,0.26%,"257,163,567.70",-
BANKING,3/26/2023,1238.75,1238.75,1216.73,1220.92,-1.42%,"284,814,894.10",-
BANKING,3/23/2023,1246.5,1251.84,1225.64,1238.48,-0.64%,"514,076,531.50",-
BANKING,3/22/2023,1255,1263.64,1243.44,1246.5,-0.61%,"261,166,392.60",-
BANKING,3/20/2023,1247.41,1258.33,1246.71,1254.11,0.54%,"237,384,295.30",-
BANKING,3/19/2023,1253.18,1258.76,1244.07,1247.41,-0.54%,"223,714,807.70",-
BANKING,3/16/2023,1259.08,1259.97,1243.16,1254.13,-0.39%,"244,945,999.90",-
BANKING,3/15/2023,1270.31,1273.29,1251.46,1259.08,-0.78%,"304,315,010.90",-
BANKING,3/14/2023,1272.26,1279.6,1262.83,1269.02,-0.31%,"312,593,567.40",-
BANKING,3/13/2023,1288.87,1292.65,1268.54,1272.96,-1.57%,"289,105,194.30",-
BANKING,3/12/2023,1315.37,1322.09,1290.47,1293.32,-1.68%,"226,961,765.40",-
BANKING,3/9/2023,1291.83,1316.6,1290.81,1315.37,1.82%,"221,920,136.20",-
BANKING,3/7/2023,1285.08,1297.41,1283.38,1291.83,0.53%,"181,973,963.30",-
BANKING,3/5/2023,1297.16,1303.98,1282.43,1285.08,-0.93%,"203,214,183.10",-
BANKING,3/2/2023,1309.52,1311.47,1296.11,1297.16,-0.94%,"210,470,893.10",-
BANKING,3/1/2023,1317.15,1322.1,1307.81,1309.52,-0.58%,"186,557,115.80",-
BANKING,2/28/2023,1321.37,1330,1315.46,1317.15,-0.34%,"160,210,412.10",-
BANKING,2/27/2023,1322.94,1335.45,1309.78,1321.68,0.83%,"250,461,914.00",-
BANKING,2/26/2023,1334.69,1334.69,1303.52,1322.94,-0.87%,"314,820,335.10",-
BANKING,2/23/2023,1357.87,1357.87,1328.07,1334.51,-1.78%,"459,032,025.80",-
BANKING,2/22/2023,1343.2,1361.79,1338.45,1358.73,1.25%,"270,055,626.80",-
BANKING,2/20/2023,1353.04,1353.59,1335.72,1341.9,-0.75%,"325,926,197.20",-
BANKING,2/16/2023,1358.79,1363.85,1350.68,1352.01,-0.64%,"226,386,676.30",-
BANKING,2/15/2023,1367.89,1373.87,1357.73,1360.66,-0.50%,"275,779,261.90",-
BANKING,2/14/2023,1379.04,1379.04,1364.48,1367.51,-0.76%,"265,664,799.40",-
BANKING,2/12/2023,1407.72,1407.72,1375.21,1377.99,-1.99%,"345,780,016.60",-
BANKING,2/9/2023,1401.64,1406.93,1390.88,1405.96,0.31%,"343,847,767.70",-
BANKING,2/8/2023,1403.61,1420.66,1397.22,1401.64,-0.03%,"552,177,373.90",-
BANKING,2/7/2023,1370.34,1403.07,1368.41,1402.05,2.31%,"446,118,208.40",-
BANKING,2/6/2023,1364.62,1370.35,1359.08,1370.34,0.41%,"267,839,004.60",-
BANKING,2/5/2023,1365.47,1374.48,1360.72,1364.79,0.12%,"326,382,901.20",-
BANKING,2/2/2023,1368.08,1377.84,1360.27,1363.13,-0.40%,"366,913,508.50",-
BANKING,2/1/2023,1369.24,1372.91,1361.76,1368.56,0.10%,"305,267,628.60",-
BANKING,1/31/2023,1379.15,1380.05,1365.59,1367.14,-0.79%,"304,233,464.20",-
BANKING,1/30/2023,1388.87,1392.49,1376.37,1378.07,-1.13%,"338,384,576.13",-
BANKING,1/29/2023,1402.25,1406.49,1391.97,1393.86,-0.52%,"316,692,325.10",-
BANKING,1/26/2023,1408.3,1414.48,1398.69,1401.14,-0.43%,"302,357,049.70",-
BANKING,1/25/2023,1417.15,1422.95,1406.69,1407.2,-0.53%,"378,897,109.40",-
BANKING,1/24/2023,1417.87,1425.27,1406.72,1414.66,-0.15%,"436,799,617.50",-
BANKING,1/23/2023,1411.17,1434.17,1410.83,1416.81,1.08%,"953,966,103.50",-
BANKING,1/19/2023,1393.85,1410.05,1387.65,1401.64,0.66%,"453,548,346.70",-
BANKING,1/18/2023,1404.65,1411.03,1389.58,1392.42,-0.71%,"378,760,940.10",-
BANKING,1/17/2023,1410.38,1412.13,1395.57,1402.37,-0.32%,"338,016,582.40",-
BANKING,1/12/2023,1432.73,1450.14,1403,1406.82,-1.06%,"540,693,944.90",-
BANKING,1/10/2023,1414.88,1466.84,1414.88,1421.86,0.65%,"1,155,282,863.60",-
BANKING,1/9/2023,1389.53,1413.4,1377.58,1412.67,2.11%,"819,088,015.90",-
BANKING,1/8/2023,1389.35,1397.06,1382.71,1383.45,-0.88%,"604,582,007.30",-
BANKING,1/5/2023,1404.07,1415.71,1390.48,1395.7,-0.34%,"623,137,967.50",-
BANKING,1/4/2023,1388.98,1400.95,1382.34,1400.44,1.23%,"431,676,138.90",-
BANKING,1/3/2023,1388.47,1396.47,1378.6,1383.45,-0.24%,"430,209,361.80",-
BANKING,1/2/2023,1377.66,1394.18,1368.54,1386.83,1.04%,"560,448,121.70",-
BANKING,1/1/2023,1372.73,1397.45,1365.71,1372.53,0.49%,"693,571,945.80",-
BANKING,12/29/2022,1341.31,1367.09,1334.51,1365.78,1.82%,"512,229,193.70",-
BANKING,12/28/2022,1359.46,1360.21,1339.29,1341.31,-0.99%,"414,235,428.00",-
BANKING,12/27/2022,1323.06,1365.74,1323.06,1354.75,2.66%,"858,574,635.00",-
BANKING,12/26/2022,1281.23,1319.72,1280.67,1319.68,3.35%,"396,823,643.30",-
BANKING,12/22/2022,1274.49,1277.83,1270.25,1276.87,0.11%,"283,561,628.70",-
BANKING,12/21/2022,1274.9,1284.76,1270.2,1275.49,0.27%,"267,126,091.70",-
BANKING,12/20/2022,1266.58,1278.28,1266.31,1272.11,0.54%,"207,463,894.20",-
BANKING,12/19/2022,1265.8,1271.03,1262.23,1265.24,-0.04%,"231,265,751.90",-
BANKING,12/18/2022,1284.68,1285.13,1262.57,1265.8,-1.52%,"329,714,063.00",-
BANKING,12/15/2022,1290.67,1293.06,1282.45,1285.38,-0.41%,"189,755,866.90",-
BANKING,12/14/2022,1294.63,1302.69,1289.17,1290.67,-0.31%,"180,067,494.60",-
BANKING,12/13/2022,1299.54,1303.39,1289.57,1294.66,-0.38%,"235,354,798.20",-
BANKING,12/12/2022,1305.9,1305.9,1282.29,1299.54,-0.58%,"443,473,346.80",-
BANKING,12/11/2022,1335.72,1337.46,1304.89,1307.13,-2.30%,"277,838,055.80",-
BANKING,12/7/2022,1355.62,1356.96,1336.35,1337.93,-1.29%,"231,164,104.20",-
BANKING,12/6/2022,1363.89,1364.13,1346.31,1355.35,-0.39%,"217,951,183.10",-
BANKING,12/5/2022,1372.04,1375.46,1357.96,1360.66,-0.71%,"258,288,724.30",-
BANKING,12/4/2022,1379.74,1386.46,1368.1,1370.44,-0.67%,"401,123,213.20",-
BANKING,12/1/2022,1361.42,1382.56,1359.01,1379.74,0.99%,"324,564,053.60",-
BANKING,11/30/2022,1366.57,1368.92,1360.24,1366.26,-0.02%,"190,845,433.70",-
BANKING,11/29/2022,1369.13,1373.14,1355.65,1366.57,-0.07%,"214,711,770.00",-
BANKING,11/28/2022,1380.82,1388.27,1366.34,1367.55,-0.73%,"327,451,078.90",-
BANKING,11/27/2022,1358.21,1377.6,1356.25,1377.6,1.42%,"330,189,053.90",-
BANKING,11/24/2022,1352.89,1358.3,1346.1,1358.3,0.44%,"165,909,275.00",-
BANKING,11/23/2022,1359.78,1361.63,1347.7,1352.35,-0.50%,"314,116,540.90",-
BANKING,11/22/2022,1359.14,1372.92,1355.13,1359.18,0.09%,"315,493,313.80",-
BANKING,11/17/2022,1345.65,1358.04,1345.65,1357.92,0.91%,"140,390,500.50",-
BANKING,11/16/2022,1337.12,1345.7,1335.72,1345.65,0.61%,"105,441,783.10",-
BANKING,11/15/2022,1336.38,1346.31,1335.98,1337.48,0.08%,"105,698,240.20",-
BANKING,11/14/2022,1331.79,1337.3,1328,1336.38,0.35%,"112,481,644.10",-
BANKING,11/13/2022,1336,1342.79,1329.78,1331.78,-0.40%,"96,358,471.50",-
BANKING,11/10/2022,1347.72,1355.97,1334.79,1337.08,-0.68%,"144,661,115.60",-
BANKING,11/9/2022,1359.23,1372.06,1344.49,1346.3,-1.03%,"174,932,756.70",-
BANKING,11/8/2022,1364.32,1365.62,1357.59,1360.34,-0.29%,"166,932,240.00",-
BANKING,11/7/2022,1370.36,1374.78,1362.27,1364.31,-0.29%,"232,493,957.90",-
BANKING,11/6/2022,1359.3,1368.96,1352.3,1368.26,0.84%,"257,694,457.00",-
BANKING,11/3/2022,1369.4,1369.4,1354.8,1356.88,-0.83%,"206,765,550.00",-
BANKING,11/2/2022,1373.19,1379.93,1360.77,1368.24,-0.19%,"260,074,528.20",-
BANKING,11/1/2022,1343.24,1376.44,1338.21,1370.85,2.20%,"307,970,317.90",-
BANKING,10/31/2022,1324.85,1342.61,1324.85,1341.38,0.00%,"9,508,016.50",-
BANKING,10/23/2022,1310.98,1321.89,1309.89,1321.22,0.84%,"180,258,581.50",-
BANKING,10/20/2022,1310.26,1312.52,1302.88,1310.17,-0.01%,"111,681,680.90",-
BANKING,10/19/2022,1312,1314.5,1305.25,1310.26,-0.21%,"110,490,596.60",-
BANKING,10/17/2022,1312.59,1317.26,1306.43,1313.06,0.12%,"144,227,614.90",-
BANKING,10/16/2022,1307.72,1311.79,1299.28,1311.54,0.25%,"186,279,837.30",-
BANKING,10/13/2022,1307.35,1315.73,1300.01,1308.29,0.07%,"181,042,610.50",-
BANKING,10/12/2022,1302.08,1309.06,1299.29,1307.35,0.32%,"123,536,915.70",-
BANKING,10/11/2022,1312.96,1312.95,1300.66,1303.12,-0.74%,"106,233,637.25",-
BANKING,10/10/2022,1331.61,1334.2,1308.88,1312.83,-1.14%,"125,610,497.20",-
BANKING,10/9/2022,1302.37,1328.4,1302.2,1327.93,1.96%,"125,178,058.80",-
BANKING,9/29/2022,1287.99,1302.36,1285.68,1302.36,1.03%,"99,612,786.50",-
BANKING,9/28/2022,1285.47,1293.4,1285.47,1289.02,0.28%,"77,378,339.10",-
BANKING,9/27/2022,1272.06,1289.3,1271.69,1285.47,0.99%,"94,865,273.90",-
BANKING,9/25/2022,1280.78,1281.82,1265.97,1272.91,-0.64%,"431,205,910.90",-
BANKING,9/22/2022,1281.31,1287.92,1275.71,1281.08,-0.02%,"101,456,371.10",-
BANKING,9/21/2022,1274.79,1289.01,1274.54,1281.31,0.53%,"127,442,003.30",-
BANKING,9/20/2022,1293.65,1295.57,1273.14,1274.57,-1.55%,"201,678,728.82",-
BANKING,9/18/2022,1306,1308.36,1290.45,1294.61,-0.94%,"413,682,300.50",-
BANKING,9/16/2022,1312.66,1312.66,1294.85,1306.94,-0.52%,"112,804,536.20",-
BANKING,9/15/2022,1338.13,1343.26,1311.01,1313.81,-1.82%,"403,765,132.30",-
BANKING,9/14/2022,1315.16,1338.78,1315.15,1338.13,1.86%,"193,172,000.40",-
BANKING,9/13/2022,1302.41,1315.79,1302.41,1313.67,0.86%,"153,383,781.50",-
BANKING,9/12/2022,1307.58,1310.85,1297.77,1302.41,-0.39%,"134,863,688.70",-
BANKING,9/11/2022,1310.07,1316.89,1305.93,1307.57,-0.25%,"122,511,281.40",-
BANKING,9/8/2022,1314.04,1316.08,1307.49,1310.91,-0.31%,"151,220,470.50",-
BANKING,9/7/2022,1319.37,1322.88,1311.78,1314.97,-0.41%,"121,098,936.80",-
BANKING,9/6/2022,1327.19,1329.41,1318.23,1320.35,-0.52%,"149,460,895.30",-
BANKING,9/5/2022,1328.01,1335.38,1325.86,1327.19,-0.10%,"132,732,106.00",-
BANKING,9/4/2022,1327.04,1336.02,1324.04,1328.58,0.12%,"160,484,956.40",-
BANKING,9/2/2022,1327.81,1337.22,1324.64,1327.03,-0.13%,"109,411,936.70",-
BANKING,9/1/2022,1330.92,1331.88,1323.89,1328.8,-0.16%,"139,042,530.80",-
BANKING,8/31/2022,1337.13,1341.01,1329.69,1330.99,-0.53%,"135,352,911.30",-
BANKING,8/30/2022,1338.82,1347.59,1335.81,1338.06,-0.06%,"157,113,498.90",-
BANKING,8/29/2022,1337.94,1340.99,1330.01,1338.82,-0.01%,"155,512,337.50",-
BANKING,8/28/2022,1349.93,1349.92,1336,1338.96,-0.78%,"216,143,160.30",-
BANKING,8/26/2022,1360.3,1360.3,1347.68,1349.46,0.00%,"105,898,877.14",-
BANKING,8/25/2022,1364.3,1369.58,1357.68,1359.16,0.00%,"158,458,239.30",-
BANKING,8/24/2022,1361.1,1375.85,1359.98,1364.05,0.00%,"202,404,549.00",-
BANKING,8/23/2022,1355.65,1362.5,1354.04,1361.47,0.00%,"178,591,219.40",-
BANKING,8/22/2022,1358.7,1362.08,1351.28,1356.49,0.00%,"221,766,174.00",-
BANKING,8/21/2022,1356.67,1368.14,1355.78,1357.97,0.00%,"203,214,242.90",-
BANKING,8/18/2022,1349.84,1359.73,1349.62,1356.66,0.00%,"196,340,795.00",-
BANKING,8/17/2022,1352.48,1357.92,1347.3,1348.73,0.00%,"171,412,930.50",-
BANKING,8/16/2022,1358.8,1368.65,1351.11,1352.48,0.00%,"221,053,184.00",-
BANKING,8/15/2022,1338.34,1355.98,1335.19,1355.9,0.00%,"240,510,422.20",-
BANKING,8/14/2022,1349.46,1351.98,1337.47,1339.27,0.00%,"211,275,890.10",-
BANKING,8/11/2022,1353.06,1359.76,1346.97,1348.23,0.00%,"211,200,053.00",-
BANKING,8/10/2022,1357.31,1360.05,1345.74,1351.26,0.00%,"279,411,096.10",-
BANKING,8/9/2022,1375.7,1378.59,1355.78,1356.57,0.00%,"329,021,369.10",-
BANKING,8/8/2022,1383.84,1390.31,1371.6,1374.61,0.00%,"354,441,854.40",-
BANKING,8/7/2022,1375.76,1389.53,1372.66,1380.46,0.00%,"358,275,399.80",-
BANKING,8/5/2022,1404.16,1404.16,1377.45,1380.23,0.00%,"310,867,444.40",-
BANKING,8/4/2022,1427.92,1430.51,1400.39,1402.39,0.00%,"368,742,857.20",-
BANKING,8/3/2022,1436.63,1444.54,1420.56,1422.45,0.00%,"538,920,271.20",-
BANKING,8/2/2022,1438.62,1442.42,1423.99,1432.35,0.00%,"265,307,808.80",-
BANKING,8/1/2022,1434.7,1452.26,1426.74,1438.61,0.00%,"570,494,200.50",-
BANKING,7/31/2022,1392.68,1432.91,1392.67,1432.91,0.00%,"601,848,775.10",-
BANKING,7/29/2022,1389.37,1397.85,1384.19,1392.28,0.00%,"187,251,419.10",-
BANKING,7/28/2022,1388.51,1396.03,1382.9,1389,0.00%,"433,404,519.50",-
BANKING,7/27/2022,1387.42,1393.92,1376.9,1387.34,0.00%,"264,865,260.30",-
BANKING,7/26/2022,1411.97,1412.24,1384.67,1386.42,0.00%,"387,139,787.20",-
BANKING,7/25/2022,1392.03,1412.11,1391.53,1411.7,0.00%,"493,910,785.70",-
BANKING,7/24/2022,1371.58,1390.19,1371.52,1390.19,0.00%,"400,895,355.00",-
BANKING,7/22/2022,1382.5,1383.54,1366.02,1367.31,0.00%,"202,697,002.20",-
BANKING,7/21/2022,1383.42,1393.43,1375.42,1382.48,0.00%,"341,129,515.10",-
BANKING,7/20/2022,1379.65,1384.59,1373.65,1379.78,0.00%,"5,323,136.00",-
BANKING,7/19/2022,1373.78,1388.31,1372.62,1380.33,0.00%,"405,364,325.20",-
BANKING,7/18/2022,1371.79,1374.09,1363.78,1373.78,0.00%,"199,302,030.10",-
BANKING,7/17/2022,1365.06,1371.93,1352.82,1371.78,0.00%,"225,646,414.70",-
BANKING,7/15/2022,1345.88,1363.85,1343.27,1363.39,0.00%,"318,060,786.40",-
BANKING,7/14/2022,1336.57,1357,1335.82,1344.85,0.00%,"721,585,524.30",-
BANKING,7/13/2022,1313.16,1335.78,1313.16,1335.6,0.00%,0,-
BANKING,7/12/2022,1308.26,1319.98,1302.72,1309.18,0.00%,"17,535,088.50",-
BANKING,7/11/2022,1347.31,1347.3,1306.29,1308.25,0.00%,"421,307,383.00",-
BANKING,7/8/2022,1363.03,1363.03,1343.4,1345.46,0.00%,"211,894,385.40",-
BANKING,7/7/2022,1372.87,1387.92,1356.92,1360.61,0.00%,"320,851,266.00",-
BANKING,7/6/2022,1375.95,1379.03,1352.58,1370.06,0.00%,"8,326,316.90",-
BANKING,7/5/2022,1387.7,1391.25,1366.87,1369.91,0.00%,"293,443,520.20",-
BANKING,7/4/2022,1395.21,1412.98,1383.85,1387.08,0.00%,"590,882,010.90",-
BANKING,7/3/2022,1372.23,1389.05,1366.44,1389.05,0.00%,"322,771,056.80",-
BANKING,7/1/2022,1382.34,1392.62,1369.82,1372.22,0.00%,"233,137,184.30",-
BANKING,6/30/2022,1352.07,1382.08,1352.07,1380.54,0.00%,"318,234,429.00",-
BANKING,6/29/2022,1342.06,1352.31,1337.39,1351.38,0.00%,"5,166,263.30",-
BANKING,6/28/2022,1343.95,1343.94,1326.69,1340.89,0.00%,"137,479,752.39",-
BANKING,6/27/2022,1360.65,1373.35,1339.37,1340.6,0.00%,"284,160,130.80",-
BANKING,6/26/2022,1318.46,1352.98,1318.34,1352.98,0.00%,"473,069,500.80",-
BANKING,6/24/2022,1315.12,1325.48,1292.17,1317.48,0.00%,"285,199,895.60",-
BANKING,6/23/2022,1334.19,1334.19,1310,1315.11,0.00%,"452,279,603.86",-
BANKING,6/22/2022,1353.21,1357.89,1334.67,1336.4,0.00%,"227,345,188.20",-
BANKING,6/21/2022,1335,1355.71,1329.78,1352.11,0.00%,"237,421,161.70",-
BANKING,6/20/2022,1357.16,1357.16,1331.83,1335.58,0.00%,"9,200,487.80",-
BANKING,6/19/2022,1369.89,1373.82,1355.17,1356.53,0.00%,"325,603,308.20",-
BANKING,6/17/2022,1375,1384.63,1368.25,1369.13,0.00%,"297,109,567.00",-
BANKING,6/16/2022,1368.6,1383.5,1355.51,1374.21,0.00%,"344,888,506.60",-
BANKING,6/15/2022,1390.17,1390.53,1357.78,1367.83,0.00%,"326,474,944.30",-
BANKING,6/14/2022,1397.85,1399.04,1380.57,1385.39,0.00%,"236,303,422.90",-
BANKING,6/13/2022,1410,1413.05,1395.4,1397.85,0.00%,"390,655,606.40",-
BANKING,6/10/2022,1419.31,1424.24,1395.71,1408.91,0.00%,"271,094,240.00",-
BANKING,6/9/2022,1422.12,1441.52,1411.62,1413.18,0.00%,0,-
BANKING,6/8/2022,1388.51,1428.54,1385.5,1419.07,0.00%,"408,493,298.60",-
BANKING,6/7/2022,1427.27,1427.27,1387.78,1389.57,0.00%,"376,588,258.70",-
BANKING,6/6/2022,1447.5,1456.44,1421.78,1427,0.00%,0,-
BANKING,6/3/2022,1474.9,1482.58,1445.61,1447.5,0.00%,"363,472,556.30",-
BANKING,6/2/2022,1482.77,1490.77,1469.61,1472.19,0.00%,"267,663,177.10",-
BANKING,6/1/2022,1488.35,1495.4,1476.46,1483.31,0.00%,"308,623,714.00",-
BANKING,5/31/2022,1515.63,1515.63,1484.05,1488.35,0.00%,"292,453,035.90",-
BANKING,5/30/2022,1555.77,1556.95,1517.36,1517.36,0.00%,"274,427,242.60",-
BANKING,5/27/2022,1559.39,1563.89,1542.89,1548.87,0.00%,"306,324,243.70",-
BANKING,5/26/2022,1552.11,1555.06,1537.72,1555.06,0.00%,"5,827,670.40",-
BANKING,5/25/2022,1536.38,1544.42,1531.85,1539.93,0.00%,"159,564,742.80",-
BANKING,5/24/2022,1529.64,1537.08,1521.77,1531.74,0.00%,"171,871,802.70",-
BANKING,5/23/2022,1554.56,1562.11,1523.06,1525.82,0.00%,"250,764,448.90",-
BANKING,5/20/2022,1551.1,1552.39,1541.05,1543.48,0.00%,"3,947,661.80",-
BANKING,5/19/2022,1556.86,1564.11,1547.93,1550.29,0.00%,"180,959,381.70",-
BANKING,5/18/2022,1553.2,1556.85,1543.3,1556.85,0.00%,"146,965,855.40",-
BANKING,5/17/2022,1591.16,1591.8,1552.47,1553.2,0.00%,"187,775,199.10",-
BANKING,5/12/2022,1595.16,1608.17,1586.31,1591.15,0.00%,"266,909,221.20",-
BANKING,5/11/2022,1569.51,1593.05,1569.51,1592.88,0.00%,"244,875,665.40",-
BANKING,5/10/2022,1546.96,1569.51,1546.96,1569.51,0.00%,"189,384,165.50",-
BANKING,5/9/2022,1543.01,1557.34,1537.73,1546.96,0.00%,"258,117,480.20",-
BANKING,5/8/2022,1534.29,1538.3,1516.48,1532.19,0.00%,"234,921,640.00",-
BANKING,5/5/2022,1550.71,1552.82,1528.56,1534.73,0.00%,"348,153,172.10",-
BANKING,5/4/2022,1568.68,1568.67,1546.1,1550.71,0.00%,"195,471,397.10",-
BANKING,5/2/2022,1581.25,1581.25,1561.97,1563.94,-1.03%,"235,743,522.79",-
BANKING,4/28/2022,1593.25,1596.86,1578.06,1580.2,0.00%,"281,836,387.00",-
BANKING,4/27/2022,1589.7,1590.04,1574.21,1586.58,0.00%,"171,035,374.20",-
BANKING,4/26/2022,1594.57,1603.3,1582.57,1589.43,0.00%,"209,176,672.60",-
BANKING,4/25/2022,1613.18,1621.68,1592.98,1594.56,0.00%,"290,301,460.40",-
BANKING,4/24/2022,1578.37,1615.11,1573.37,1611.07,0.00%,"319,019,384.80",-
BANKING,4/21/2022,1585.07,1588.29,1554.48,1568.95,0.00%,"314,821,564.00",-
BANKING,4/20/2022,1597.91,1598.4,1570.96,1573.52,0.00%,"326,170,460.10",-
BANKING,4/19/2022,1585.24,1589.56,1561.08,1584.94,0.00%,"252,674,118.40",-
BANKING,4/18/2022,1596.29,1597.06,1576.96,1578.91,0.00%,"263,749,908.50",-
BANKING,4/17/2022,1615.56,1623.2,1592.62,1595.45,0.00%,"239,155,601.90",-
BANKING,4/13/2022,1588.01,1604.46,1579.47,1604.35,0.00%,"265,081,098.90",-
BANKING,4/12/2022,1605.16,1606.08,1583.33,1586.8,0.00%,"279,578,364.40",-
BANKING,4/11/2022,1615.79,1638.67,1595.47,1599.74,0.00%,"393,711,461.40",-
BANKING,4/7/2022,1593.13,1617.41,1593.1,1611.97,0.00%,"457,708,919.80",-
BANKING,4/6/2022,1611.33,1612.49,1590.78,1593.1,0.00%,"347,675,855.70",-
BANKING,4/5/2022,1643.73,1644.27,1602.9,1611.32,0.00%,"497,799,018.40",-
BANKING,4/4/2022,1644.15,1645.07,1627.54,1630.12,0.00%,"290,759,874.70",-
BANKING,4/3/2022,1642.12,1646.28,1631.7,1634.28,0.00%,"219,671,580.00",-
BANKING,3/31/2022,1649.03,1660.08,1640.82,1642.66,0.00%,"325,937,588.60",-
BANKING,3/30/2022,1641.37,1650.67,1636.57,1649.02,0.00%,"318,845,527.16",-
BANKING,3/29/2022,1650.74,1658.68,1641.91,1645.19,0.00%,"328,051,437.70",-
BANKING,3/28/2022,1659.19,1661.83,1646.53,1650.73,0.00%,"296,750,423.86",-
BANKING,3/27/2022,1680.21,1687.46,1656.88,1659.18,0.00%,"419,905,964.80",-
BANKING,3/24/2022,1692.17,1692.28,1677.67,1680.2,0.00%,"312,866,126.20",-
BANKING,3/23/2022,1703.58,1706.01,1687.29,1693.09,0.00%,"333,986,727.70",-
BANKING,3/22/2022,1695.42,1709.06,1694.98,1702.22,0.00%,"296,201,900.90",-
BANKING,3/21/2022,1690.82,1697.36,1678.16,1695.42,0.00%,"341,158,479.40",-
BANKING,3/20/2022,1698.49,1706.23,1684.79,1689.5,0.00%,"316,118,171.00",-
BANKING,3/16/2022,1709.33,1714.75,1695.68,1697.53,0.00%,"314,639,874.80",-
BANKING,3/15/2022,1722.29,1723.77,1703.15,1709.33,0.00%,"399,426,774.80",-
BANKING,3/14/2022,1727.47,1734.21,1712.16,1720.39,0.00%,"181,937,943.00",-
BANKING,3/13/2022,1667.53,1719.9,1667.52,1719.68,0.00%,"579,448,538.70",-
BANKING,3/10/2022,1643.91,1665.09,1639.8,1664.96,0.00%,"467,855,406.00",-
BANKING,3/9/2022,1662.68,1667.68,1644.92,1646.93,0.00%,"27,919,970.70",-
BANKING,3/7/2022,1652.09,1670.71,1652.09,1661.28,0.00%,"463,629,638.50",-
BANKING,3/6/2022,1644.58,1668.32,1644.58,1654.88,0.00%,"346,704,155.50",-
BANKING,3/2/2022,1677.15,1677.15,1648.27,1651.61,0.00%,"584,411,076.50",-
BANKING,2/28/2022,1695.11,1712.67,1677.19,1678.45,0.00%,"431,326,447.40",-
BANKING,2/27/2022,1702,1709.19,1687.7,1693.78,0.00%,"390,635,354.90",-
BANKING,2/24/2022,1732.57,1733.18,1700.8,1705.11,0.00%,"486,410,976.50",-
BANKING,2/23/2022,1743.2,1748.56,1732.02,1734.97,0.00%,"271,951,319.40",-
BANKING,2/22/2022,1736.46,1749.57,1736.46,1744.66,0.00%,"359,459,604.60",-
BANKING,2/21/2022,1720.19,1736.46,1719.77,1736.46,0.00%,"346,808,807.20",-
BANKING,2/20/2022,1730.65,1731.83,1706.43,1720.18,0.00%,"394,856,553.00",-
BANKING,2/17/2022,1746.01,1752.75,1743.2,1745.93,0.00%,"279,629,516.30",-
BANKING,2/16/2022,1757.66,1762.69,1743.72,1746,0.00%,"287,130,309.50",-
BANKING,2/15/2022,1743.06,1752.33,1733.59,1751.29,0.00%,"399,646,991.60",-
BANKING,2/14/2022,1739.37,1756.61,1732.93,1736.72,0.00%,"409,630,000.60",-
BANKING,2/13/2022,1766.96,1767.59,1734.55,1739.94,0.00%,"821,726,435.55",-
BANKING,2/10/2022,1792.84,1799.39,1779.46,1782.6,0.00%,"413,252,171.63",-
BANKING,2/9/2022,1805.82,1807.71,1789.97,1793.39,0.00%,"423,875,745.60",-
BANKING,2/8/2022,1829.92,1859.86,1801.71,1805.82,0.00%,"526,616,296.00",-
BANKING,2/7/2022,1815.91,1823.19,1810.85,1812.12,0.00%,"422,792,004.00",-
BANKING,2/6/2022,1834.92,1836,1813.09,1815.9,0.00%,"459,938,364.10",-
BANKING,2/3/2022,1843.19,1858.97,1832.08,1834.91,0.00%,"688,124,353.60",-
BANKING,2/1/2022,1835.27,1844.08,1823.45,1841.1,0.00%,"534,043,952.60",-
BANKING,1/31/2022,1862.86,1867.43,1834.29,1835.8,0.00%,"403,098,399.30",-
BANKING,1/30/2022,1820.45,1864.7,1820.44,1855.32,0.00%,"618,611,316.80",-
BANKING,1/27/2022,1811.57,1825.44,1807.57,1808.33,0.00%,"420,167,162.80",-
BANKING,1/26/2022,1833.39,1836.69,1809.6,1812.66,0.00%,"569,500,555.30",-
BANKING,1/25/2022,1846.51,1856.64,1811.89,1835.41,0.00%,"785,217,786.40",-
BANKING,1/24/2022,1900.5,1900.5,1831.55,1839.02,0.00%,"1,409,118,787.30",-
BANKING,1/23/2022,1918.13,1928.11,1885.57,1893.29,0.00%,"1,249,066,370.40",-
BANKING,1/20/2022,1912.14,1915.03,1896,1909.96,0.00%,"740,761,760.80",-
BANKING,1/19/2022,1943.86,1943.86,1904.4,1910.97,0.00%,"956,204,561.00",-
BANKING,1/18/2022,1902.94,1950.26,1897.69,1925.06,0.00%,"1,672,255,136.30",-
BANKING,1/17/2022,1896.75,1914.74,1881.56,1902.68,0.00%,"1,018,292,241.90",-
BANKING,1/16/2022,1849.68,1883.23,1849.03,1883.09,0.00%,"1,377,442,333.70",-
BANKING,1/13/2022,1833.41,1844.18,1827.79,1843.38,0.00%,"718,621,437.00",-
BANKING,1/12/2022,1862.34,1864.87,1832.03,1833.51,0.00%,"1,109,359,204.20",-
BANKING,1/11/2022,1857.01,1859.25,1840.71,1855.68,0.00%,"756,227,563.90",-
BANKING,1/10/2022,1873.81,1880.53,1842.77,1852.03,0.00%,"1,173,274,662.80",-
BANKING,1/9/2022,1840.36,1873.06,1840.35,1867.32,0.00%,"1,477,828,915.90",-
BANKING,1/6/2022,1793.76,1832.96,1785.25,1832.29,0.00%,"838,643,562.80",-
BANKING,1/5/2022,1833.49,1840.34,1793.2,1797.22,0.00%,"783,351,215.10",-
BANKING,1/4/2022,1761.46,1825.13,1748.16,1825.13,0.00%,"1,132,630,006.90",-
BANKING,1/3/2022,1744.2,1768.14,1742.86,1761.46,0.00%,"970,214,818.10",-
BANKING,1/2/2022,1718.18,1736.35,1702.58,1736.06,0.00%,"936,044,696.60",-
BANKING,12/29/2021,1701.37,1709.71,1696.68,1702.12,0.00%,"1,072,725,033.60",-
BANKING,12/28/2021,1711.11,1711.11,1691.6,1701.37,0.00%,"616,405,204.90",-
BANKING,12/27/2021,1739.74,1748.23,1708.09,1710.1,0.00%,"981,320,558.65",-
BANKING,12/26/2021,1725.62,1744.64,1725.02,1737.21,0.00%,"962,169,200.20",-
BANKING,12/23/2021,1728.23,1728.22,1704.08,1716.62,0.00%,"583,705,230.60",-
BANKING,12/22/2021,1688.87,1717.49,1685.32,1712.7,0.00%,"643,250,276.30",-
BANKING,12/21/2021,1642.65,1676.28,1642.03,1675.56,0.00%,"623,772,328.30",-
BANKING,12/20/2021,1667.2,1668.31,1634.2,1642.65,0.00%,"559,760,371.10",-
BANKING,12/16/2021,1657.68,1661.71,1641.92,1650.51,0.00%,"478,532,340.90",-
BANKING,12/15/2021,1668.45,1708.06,1639.97,1656.19,0.00%,"686,047,639.90",-
BANKING,12/14/2021,1596.98,1665.47,1596.97,1665.47,0.00%,"300,025,026.80",-
BANKING,12/13/2021,1627.78,1627.77,1580.04,1596.97,0.00%,"741,652,269.30",-
BANKING,12/12/2021,1675.27,1679.31,1628.48,1631.09,0.00%,"592,114,698.50",-
BANKING,12/9/2021,1677.84,1684.44,1658.83,1675.48,0.00%,"462,596,879.01",-
BANKING,12/8/2021,1702.16,1704.45,1672.11,1677.84,0.00%,"446,501,745.20",-
BANKING,12/7/2021,1720.17,1739.99,1703.05,1703.97,0.00%,"559,653,069.80",-
BANKING,12/6/2021,1700.68,1719.02,1657.95,1717.52,0.00%,"800,774,277.00",-
BANKING,12/5/2021,1744.66,1745.7,1699.91,1704.52,0.00%,"775,786,029.40",-
BANKING,12/2/2021,1763.64,1770.4,1741.21,1745.25,0.00%,"638,492,734.06",-
BANKING,12/1/2021,1761.38,1772.27,1761.16,1763.02,0.00%,"434,220,962.20",-
BANKING,11/30/2021,1767,1773.56,1747.93,1761.38,0.00%,"593,234,244.50",-
BANKING,11/29/2021,1776.34,1789.12,1763.56,1767.94,0.00%,"553,711,212.60",-
BANKING,11/28/2021,1812.6,1813.79,1777.13,1778.83,0.00%,"782,993,241.80",-
BANKING,11/25/2021,1803.35,1822.94,1798.57,1813.79,0.00%,"843,687,589.50",-
BANKING,11/24/2021,1810.72,1812.7,1790.31,1804.02,0.00%,"559,831,769.60",-
BANKING,11/23/2021,1826.52,1827.9,1807.04,1811.13,0.00%,"575,873,210.60",-
BANKING,11/22/2021,1824.21,1833.88,1823.06,1826.53,0.00%,"513,558,613.40",-
BANKING,11/21/2021,1831.68,1836.47,1820.3,1823.63,0.00%,"511,492,864.00",-
BANKING,11/18/2021,1857.52,1858.34,1825.97,1828.73,0.00%,"690,314,371.50",-
BANKING,11/17/2021,1857.67,1863.5,1849.04,1850.79,0.00%,"872,609,802.20",-
BANKING,11/16/2021,1814.32,1846.49,1812.84,1846.07,0.00%,"772,020,449.40",-
BANKING,11/15/2021,1810.73,1831.2,1810.31,1811.69,0.00%,"560,198,452.20",-
BANKING,11/14/2021,1822.93,1823.39,1806.38,1810.73,0.00%,"608,043,041.80",-
BANKING,11/11/2021,1846.07,1847.72,1817.7,1818.16,0.00%,"971,077,171.10",-
BANKING,11/9/2021,1883.39,1886.55,1840.44,1847.24,0.00%,"1,231,126,095.80",-
BANKING,11/8/2021,1905.96,1910.15,1882.12,1883.18,0.00%,"731,582,111.10",-
BANKING,11/3/2021,1907.69,1926.16,1899.91,1903.14,0.00%,"1,870,022,614.90",-
BANKING,11/2/2021,1900.16,1900.34,1883.61,1894.81,0.00%,"826,320,677.20",-
BANKING,11/1/2021,1903.91,1909.85,1880.44,1895.04,0.00%,"1,499,108,443.00",-
BANKING,10/31/2021,1899.15,1904.11,1886.97,1890.35,0.00%,"1,752,413,779.60",-
BANKING,10/28/2021,1902,1903.86,1890.16,1893.3,0.00%,"988,409,364.90",-
BANKING,10/27/2021,1887.58,1917,1869.81,1901.56,0.00%,"1,430,294,116.10",-
BANKING,10/26/2021,1848.29,1890.54,1842.95,1888.29,0.00%,"1,372,857,511.00",-
BANKING,10/25/2021,1812.5,1843.46,1808.66,1843.28,0.00%,"800,900,421.30",-
BANKING,10/24/2021,1798.58,1806.94,1786.03,1805.88,0.00%,"719,003,904.00",-
BANKING,10/21/2021,1808.03,1818.02,1791.98,1799.75,0.00%,"985,963,495.00",-
BANKING,10/20/2021,1786.58,1836.15,1786.36,1806.4,0.00%,"690,702,818.00",-
BANKING,10/19/2021,1822.23,1826.05,1759.15,1773.78,0.00%,"921,321,247.90",-
BANKING,10/18/2021,1863.21,1863.52,1818.49,1825.08,0.00%,"800,326,258.40",-
BANKING,10/17/2021,1863.38,1873.96,1846.61,1862.19,0.00%,"446,272,774.20",-
BANKING,10/11/2021,1875.07,1876.08,1843.96,1855.95,0.00%,"917,989,498.30",-
BANKING,10/10/2021,1882.27,1903.79,1867.04,1872.2,0.00%,"989,932,367.82",-
BANKING,10/6/2021,1856.37,1886.35,1856.38,1878.54,0.00%,"1,007,714,124.70",-
BANKING,10/5/2021,1836.26,1858.67,1835.26,1855.32,0.00%,"610,349,058.30",-
BANKING,10/4/2021,1840.4,1852.5,1821.92,1836.58,0.00%,"854,170,881.00",-
BANKING,10/3/2021,1869.98,1879.84,1837.71,1840.45,0.00%,"887,477,725.20",-
BANKING,9/30/2021,1892.75,1903.44,1864.17,1869.4,0.00%,"988,347,411.20",-
BANKING,9/29/2021,1872.54,1890.1,1842.16,1890.01,0.00%,"1,196,364,536.10",-
BANKING,9/28/2021,1905.82,1907.34,1858.16,1869.71,0.00%,"1,442,374,606.70",-
BANKING,9/27/2021,1951.41,1952.36,1896.67,1905.74,0.00%,"1,099,440,271.50",-
BANKING,9/26/2021,1992.72,2008.51,1946.66,1949.82,0.00%,"1,916,476,548.10",-
BANKING,9/23/2021,1942.11,1997.61,1942.11,1968.12,0.00%,"2,959,227,961.10",-
BANKING,9/22/2021,1861.38,1921.43,1861.39,1920.76,0.00%,"1,198,337,088.50",-
BANKING,9/21/2021,1849.14,1889.82,1811.16,1859.83,0.00%,"1,475,266,461.80",-
BANKING,9/20/2021,1911.82,1915.33,1855.46,1856.1,0.00%,"1,609,465,206.00",-
BANKING,9/16/2021,1950.54,1950.96,1899.2,1907.55,0.00%,"1,622,366,691.93",-
BANKING,9/15/2021,1970.1,1973.67,1945.71,1948.69,0.00%,"784,650,051.50",-
BANKING,9/14/2021,1975.84,1986.75,1962.17,1969.35,0.00%,"1,036,858,034.00",-
BANKING,9/13/2021,1961.42,1993.64,1958.75,1973.45,0.00%,"1,550,710,838.90",-
BANKING,9/12/2021,1937.6,1958.79,1931.74,1956.38,0.00%,"1,098,565,552.50",-
BANKING,9/9/2021,1935.27,1952.97,1928.11,1932.23,0.00%,"884,711,723.60",-
BANKING,9/8/2021,1966.79,1966.8,1926.4,1934.4,0.00%,"1,084,312,872.10",-
BANKING,9/7/2021,2005.2,2011.92,1958.81,1965.63,0.00%,"1,188,740,769.90",-
BANKING,9/6/2021,1920.04,1999.59,1912.74,1998.8,0.00%,"1,863,308,475.30",-
BANKING,9/5/2021,1964.1,1965.46,1895.33,1920.6,0.00%,"2,088,480,809.80",-
BANKING,9/2/2021,1980.13,1991.98,1958.79,1964.29,0.00%,"1,565,448,300.00",-
BANKING,9/1/2021,1972.71,1998.82,1967.6,1980.54,0.00%,"1,706,618,344.40",-
BANKING,8/31/2021,1994.19,1996.9,1967.08,1972.2,0.00%,"2,107,969,908.70",-
BANKING,8/29/2021,2026.21,2039.02,1990.87,1995.18,0.00%,"2,170,484,859.90",-
BANKING,8/26/2021,2036.38,2048.28,2021.6,2025.07,0.00%,"1,883,978,284.10",-
BANKING,8/25/2021,2064.03,2064.06,2029.1,2032.34,0.00%,"1,729,293,117.80",-
BANKING,8/24/2021,2088.68,2096.81,2060.09,2061.82,0.00%,"2,084,552,967.20",-
BANKING,8/19/2021,2104.26,2113.21,2080.18,2081.63,0.00%,"2,200,321,167.00",-
BANKING,8/18/2021,2086.45,2118.31,2064.65,2101.18,0.00%,"2,681,349,147.90",-
BANKING,8/17/2021,2109.12,2113.55,2081.89,2083.84,0.00%,"2,710,459,076.95",-
BANKING,8/16/2021,2135.38,2141.43,2102.83,2107.02,0.00%,"3,057,772,340.30",-
BANKING,8/15/2021,2116.24,2147.54,2097.92,2117.86,0.00%,"4,316,722,994.60",-
BANKING,8/12/2021,2119.95,2132.16,2115.31,2125.1,0.00%,"2,243,807,514.60",-
BANKING,8/11/2021,2135.58,2156.13,2112.89,2115.96,0.00%,"2,028,960,055.10",-
BANKING,8/10/2021,2097.17,2147.81,2088.28,2130.13,0.00%,"2,595,005,419.70",-
BANKING,8/9/2021,2103.61,2108.59,2089.22,2090.72,0.00%,"1,370,471,936.70",-
BANKING,8/8/2021,2109.76,2116.35,2097.57,2102.77,0.00%,"1,671,761,307.79",-
BANKING,8/5/2021,2104.15,2110.19,2098.05,2102.8,0.00%,"1,612,410,368.30",-
BANKING,8/4/2021,2107.52,2111.24,2099.86,2102.81,0.00%,"1,597,999,745.30",-
BANKING,8/3/2021,2099.68,2108.74,2091.53,2098.41,0.00%,"1,356,347,924.90",-
BANKING,8/2/2021,2095.64,2103.58,2093.48,2096.07,0.00%,"1,458,009,844.95",-
BANKING,8/1/2021,2103.07,2117.2,2091.5,2094.1,0.00%,"1,694,924,942.10",-
BANKING,7/29/2021,2114.55,2114.93,2097.1,2099.82,0.00%,"1,651,675,667.70",-
BANKING,7/28/2021,2131.03,2143.63,2105.51,2110.03,0.00%,"1,879,834,477.20",-
BANKING,7/27/2021,2081.23,2137.68,2065.24,2128.35,0.00%,"3,871,889,234.10",-
BANKING,7/26/2021,2191,2192.05,2126.17,2131.97,0.00%,"4,579,272,713.00",-
BANKING,7/25/2021,2124.14,2176.04,2124.04,2175.19,0.00%,"5,631,601,139.30",-
BANKING,7/22/2021,2068.81,2113.3,2068.57,2103,0.00%,"4,015,012,692.30",-
BANKING,7/20/2021,2079.07,2081.77,2048.61,2067.31,0.00%,"2,024,999,632.90",-
BANKING,7/19/2021,2079.75,2108.95,2060.4,2068.23,0.00%,"3,918,407,600.80",-
BANKING,7/18/2021,1972.18,2058.01,1969.34,2057.38,0.00%,"3,862,875,347.90",-
BANKING,7/15/2021,1965.6,1968.97,1959.64,1964.81,0.00%,"1,436,999,122.00",-
BANKING,7/14/2021,1965.06,1968.15,1952.77,1957.96,0.00%,"1,037,968,059.00",-
BANKING,7/13/2021,1945.86,1970.96,1934.98,1964.19,0.00%,"1,643,617,642.00",-
BANKING,7/12/2021,1987.41,1991.83,1940.64,1949.95,0.00%,"2,277,288,965.00",-
BANKING,7/11/2021,1929.2,1972.79,1929.2,1972.57,0.00%,"2,121,323,894.00",-
BANKING,7/8/2021,1925.69,1928.95,1908.15,1927.44,0.00%,"1,458,628,209.00",-
BANKING,7/7/2021,1913.62,1922.55,1907.78,1909.63,0.00%,"879,493,326.00",-
BANKING,7/6/2021,1906.12,1916.69,1903.15,1913.34,0.00%,"982,592,964.00",-
BANKING,7/5/2021,1930.24,1930.25,1907.12,1909.67,0.00%,"932,281,806.00",-
BANKING,7/4/2021,1923.05,1931.64,1913.72,1916.45,0.00%,"945,211,979.00",-
BANKING,7/1/2021,1916.49,1935.14,1916.49,1923.05,0.00%,"1,202,951,440.00",-
BANKING,6/30/2021,1925.72,1940.25,1901.74,1919.92,0.00%,"1,048,718,900.00",-
BANKING,6/29/2021,1953.41,1959.51,1921.45,1924,0.00%,"1,192,800,579.00",-
BANKING,6/28/2021,1964.4,1966.05,1945.79,1950.44,0.00%,"2,099,306,501.00",-
BANKING,6/27/2021,1908.43,1958.51,1902.36,1943.49,0.00%,"2,317,225,946.00",-
BANKING,6/24/2021,1916.44,1918.51,1897.8,1905.23,0.00%,"1,377,103,840.00",-
BANKING,6/23/2021,1965.86,1965.86,1910.42,1912.65,0.00%,"1,430,703,874.00",-
BANKING,6/22/2021,1895.41,1945.43,1891.31,1945.43,0.00%,"2,081,580,000.00",-
BANKING,6/21/2021,1962.13,1962.13,1900.74,1901.69,0.00%,"2,304,940,000.00",-
BANKING,6/20/2021,1979.9,1979.9,1923.59,1935.34,0.00%,"2,569,030,000.00",-
BANKING,6/17/2021,1993.06,1993.66,1966.79,1970.74,0.00%,"1,967,910,000.00",-
BANKING,6/16/2021,1994.69,2017.05,1970.19,1981.47,0.00%,"2,761,072,269.00",-
BANKING,6/15/2021,2020.86,2027.15,1988.64,1990.81,0.00%,"3,803,715,072.00",-
BANKING,6/14/2021,1949.1,2018.11,1949.1,1997.61,0.00%,"4,801,140,638.00",-
BANKING,6/13/2021,1951.32,1951.32,1927.75,1944.78,0.00%,"3,070,700,000.00",-
BANKING,6/10/2021,1966.4,1966.4,1934.13,1936.7,0.00%,"2,416,830,000.00",-
BANKING,6/9/2021,1996.21,1996.21,1950.59,1954.47,0.00%,"2,588,330,000.00",-
BANKING,6/8/2021,1948.76,1978.98,1943.39,1965.82,0.00%,"3,570,630,000.00",-
BANKING,6/7/2021,1999.1,1999.1,1936.19,1945.72,0.00%,"4,429,120,000.00",-
BANKING,6/6/2021,1960.34,2002.2,1960.34,1977.46,0.00%,"6,345,800,000.00",-
BANKING,6/3/2021,1854.35,1919.86,1854.35,1907.46,0.00%,"4,673,360,000.00",-
BANKING,6/2/2021,1874.48,1874.48,1844.96,1857.2,0.00%,"1,220,950,000.00",-
BANKING,6/1/2021,1863.92,1865.77,1838.51,1848.4,0.00%,"1,409,424,366.00",-
BANKING,5/31/2021,1883.29,1895.9,1857.31,1857.85,0.00%,"2,392,327,641.00",-
BANKING,5/30/2021,1863.52,1891.28,1856.54,1876.99,0.00%,"2,475,970,000.00",-
BANKING,5/27/2021,1838.5,1869.5,1830.15,1857.05,0.00%,"1,812,100,000.00",-
BANKING,5/25/2021,1890.19,1895.47,1860.44,1863.52,0.00%,"1,697,650,000.00",-
BANKING,5/24/2021,1901.54,1910.06,1876.93,1889.09,0.00%,"3,462,440,000.00",-
BANKING,5/23/2021,1852.12,1885.01,1819.14,1885.01,0.00%,"2,439,370,000.00",-
BANKING,5/20/2021,1848.77,1857.75,1838.95,1851.72,0.00%,"2,027,150,000.00",-
BANKING,5/19/2021,1839.55,1855.85,1830.26,1834.38,0.00%,"2,331,910,000.00",-
BANKING,5/18/2021,1841.38,1841.38,1819.22,1826.78,0.00%,"1,293,800,000.00",-
BANKING,5/17/2021,1821.95,1834.06,1819.15,1821.88,0.00%,"1,501,060,000.00",-
BANKING,5/16/2021,1789.09,1812.64,1789.09,1812.64,0.00%,"1,726,550,000.00",-
BANKING,5/13/2021,1807.04,1810.17,1781.77,1785.21,0.00%,"947,342,000.00",-
BANKING,5/12/2021,1792.66,1794.03,1778.68,1781.77,0.00%,"893,757,000.00",-
BANKING,5/11/2021,1779.54,1792.38,1778.22,1785.19,0.00%,"912,030,000.00",-
BANKING,5/10/2021,1777.24,1784.56,1772.88,1781.81,0.00%,"754,920,000.00",-
BANKING,5/9/2021,1796.51,1796.51,1768.17,1778.43,0.00%,"1,814,730,000.00",-
BANKING,5/6/2021,1778.96,1780.9,1764.56,1778.71,0.00%,"1,585,720,000.00",-
BANKING,5/5/2021,1790.8,1790.84,1771.43,1771.61,0.00%,"916,240,000.00",-
BANKING,5/4/2021,1791.55,1792.03,1773.4,1776.6,0.00%,"956,888,000.00",-
BANKING,5/3/2021,1803.47,1809.38,1780.3,1784.24,0.00%,"1,318,940,000.00",-
BANKING,5/2/2021,1782.41,1795.43,1776.21,1794.02,0.00%,"1,739,740,000.00",-
BANKING,4/29/2021,1778.34,1778.34,1765.69,1774.16,0.00%,"1,111,920,000.00",-
BANKING,4/28/2021,1794.33,1798.1,1763.54,1766.61,0.00%,"1,203,160,000.00",-
BANKING,4/27/2021,1727.24,1780.69,1727.24,1780.69,0.00%,"1,215,510,000.00",-
BANKING,4/26/2021,1783.15,1783.15,1734.21,1735.57,0.00%,"1,644,920,000.00",-
BANKING,4/25/2021,1839.07,1839.07,1768.53,1776.3,0.00%,"1,894,190,000.00",-
BANKING,4/22/2021,1819.28,1821.46,1794.02,1818.95,0.00%,"1,792,220,000.00",-
BANKING,4/21/2021,1847.2,1847.2,1805.4,1809.72,0.00%,"1,275,970,000.00",-
BANKING,4/20/2021,1846.5,1851.86,1824.64,1834.65,0.00%,"1,396,350,000.00",-
BANKING,4/19/2021,1885.11,1885.11,1831.02,1836.02,0.00%,"1,891,610,000.00",-
BANKING,4/18/2021,1930.18,1930.18,1870.86,1870.86,0.00%,"3,184,080,000.00",-
BANKING,4/15/2021,1904.86,1924.39,1896.43,1904.16,0.00%,"3,018,890,000.00",-
BANKING,4/13/2021,1839.25,1881.12,1839.22,1881.12,0.00%,"2,434,890,000.00",-
BANKING,4/12/2021,1824.03,1839.08,1823.93,1838.76,0.00%,"1,835,350,000.00",-
BANKING,4/8/2021,1814.01,1828.86,1809.17,1820.95,0.00%,"1,440,620,000.00",-
BANKING,4/7/2021,1831.67,1831.67,1813.76,1819.06,0.00%,"1,274,660,000.00",-
BANKING,4/6/2021,1820.71,1820.71,1804.1,1813.83,0.00%,"1,149,250,000.00",-
BANKING,4/5/2021,1845.43,1845.43,1812.71,1814.42,0.00%,"1,343,200,000.00",-
BANKING,4/4/2021,1831.98,1831.98,1818.84,1826.2,0.00%,"1,778,090,000.00",-
BANKING,4/1/2021,1818.7,1824.72,1802.87,1811.54,0.00%,"1,657,500,000.00",-
BANKING,3/31/2021,1768.56,1806.88,1767.6,1806.11,0.00%,"1,459,150,000.00",-
BANKING,3/30/2021,1762.37,1765.25,1754.74,1765.25,0.00%,"935,535,000.00",-
BANKING,3/29/2021,1766.99,1768.79,1753.16,1756.57,0.00%,"713,264,000.00",-
BANKING,3/25/2021,1792.61,1792.83,1760.07,1763.5,0.00%,"1,217,510,000.00",-
BANKING,3/24/2021,1767.78,1783.16,1767.78,1783.16,0.00%,"1,485,270,000.00",-
BANKING,3/23/2021,1777.1,1777.69,1751.71,1760.61,0.00%,"956,801,000.00",-
BANKING,3/22/2021,1801.06,1806.66,1766.32,1767.29,0.00%,"1,264,430,000.00",-
BANKING,3/21/2021,1784.11,1788.76,1766.11,1788.76,0.00%,"1,606,040,000.00",-
BANKING,3/18/2021,1765.1,1768.47,1739.54,1762.24,0.00%,"1,652,890,000.00",-
BANKING,3/17/2021,1724.58,1736.13,1713.8,1736.13,0.00%,"818,029,000.00",-
BANKING,3/16/2021,1714.16,1732.72,1705.25,1716.98,0.00%,"888,298,000.00",-
BANKING,3/15/2021,1737.87,1744.11,1707.03,1713.31,0.00%,"1,115,890,000.00",-
BANKING,3/14/2021,1769.32,1772.29,1722.6,1730.72,0.00%,"1,380,000,000.00",-
BANKING,3/10/2021,1793.66,1793.66,1760.16,1763.05,0.00%,"721,682,000.00",-
BANKING,3/9/2021,1802.59,1805.01,1769.22,1773.94,0.00%,"905,915,000.00",-
BANKING,3/7/2021,1816.7,1818.83,1785.64,1795.72,0.00%,"1,473,640,000.00",-
BANKING,3/4/2021,1769.74,1808.13,1769.84,1808.13,0.00%,"1,631,660,000.00",-
BANKING,3/3/2021,1771.74,1771.25,1732.24,1756.09,0.00%,"1,702,160,000.00",-
BANKING,3/2/2021,1822.46,1827.85,1762.72,1773.52,0.00%,"2,004,740,000.00",-
BANKING,3/1/2021,1806.46,1825.27,1772.06,1819.07,0.00%,"1,867,130,000.00",-
BANKING,2/28/2021,1847.28,1847.28,1792.25,1792.25,0.00%,"2,487,940,000.00",-
BANKING,2/25/2021,1910.72,1911.94,1841.56,1846.83,0.00%,"1,904,720,000.00",-
BANKING,2/24/2021,1884.08,1918.51,1868.28,1884.32,0.00%,"2,513,820,000.00",-
BANKING,2/23/2021,1881.41,1881.41,1819.93,1869.27,0.00%,"2,762,980,000.00",-
BANKING,2/22/2021,1939.16,1939.6,1875.17,1876.98,0.00%,"3,120,270,000.00",-
BANKING,2/21/2021,1968.01,1968.58,1914.16,1929.53,0.00%,"3,512,620,000.00",-
BANKING,2/18/2021,1942.01,1943.14,1915.25,1936.66,0.00%,"4,053,130,000.00",-
BANKING,2/17/2021,1910.32,1913.29,1882.12,1913.29,0.00%,"3,621,770,000.00",-
BANKING,2/16/2021,1863.05,1901.66,1859.58,1883.52,0.00%,"4,095,740,000.00",-
BANKING,2/15/2021,1798.89,1845.1,1805.82,1845.1,0.00%,"3,297,560,000.00",-
BANKING,2/14/2021,1810.96,1818.37,1781.99,1787.78,0.00%,"2,051,100,000.00",-
BANKING,2/11/2021,1806.27,1834.01,1801.74,1808.64,0.00%,"3,053,970,000.00",-
BANKING,2/10/2021,1782.17,1800.54,1751.78,1797.85,0.00%,"3,077,040,000.00",-
BANKING,2/9/2021,1783.65,1811,1765.35,1769.86,0.00%,"2,387,510,000.00",-
BANKING,2/8/2021,1721.53,1779.27,1721.53,1779.27,0.00%,"3,489,050,000.00",-
BANKING,2/7/2021,1721.28,1727.89,1713.29,1716.74,0.00%,"1,807,960,000.00",-
BANKING,2/4/2021,1742.97,1742.97,1712.13,1720.44,0.00%,"1,539,190,000.00",-
BANKING,2/3/2021,1724.35,1762.64,1722.74,1727.44,0.00%,"2,820,980,000.00",-
BANKING,2/2/2021,1704.95,1723.37,1699.96,1723.37,0.00%,"2,072,290,000.00",-
BANKING,2/1/2021,1662.62,1704.97,1662.62,1689.66,0.00%,"1,757,170,000.00",-
BANKING,1/31/2021,1701.17,1701.77,1667.25,1669.62,0.00%,"2,281,400,000.00",-
BANKING,1/28/2021,1759.94,1759.94,1705.27,1711.63,0.00%,"2,406,890,000.00",-
BANKING,1/27/2021,1760.23,1764.81,1750.04,1752.71,0.00%,"2,196,640,000.00",-
BANKING,1/26/2021,1778.05,1780.8,1759.68,1762.83,0.00%,"2,258,590,000.00",-
BANKING,1/25/2021,1767.61,1769.64,1732.55,1769.64,0.00%,"2,934,850,000.00",-
BANKING,1/24/2021,1738.09,1756.42,1736.56,1745.42,0.00%,"2,199,060,000.00",-
BANKING,1/21/2021,1747.96,1748.29,1720.76,1724.06,0.00%,"1,724,630,000.00",-
BANKING,1/20/2021,1755.69,1755.69,1721.91,1727.89,0.00%,"1,792,230,000.00",-
BANKING,1/19/2021,1765.43,1765.43,1717.44,1730.32,0.00%,"1,925,880,000.00",-
BANKING,1/18/2021,1746.54,1747.98,1733.85,1738.37,0.00%,"1,826,480,000.00",-
BANKING,1/17/2021,1741.16,1748.16,1728.01,1735.57,0.00%,"1,988,660,000.00",-
BANKING,1/13/2021,1745.34,1751.19,1733.52,1734.55,0.00%,"1,515,080,000.00",-
BANKING,1/12/2021,1737.81,1742.34,1714.46,1737.71,0.00%,"1,482,070,000.00",-
BANKING,1/11/2021,1750.21,1716.22,1723.17,1723.17,0.00%,"2,683,700,000.00",-
BANKING,1/10/2021,1670.88,1720.66,1670.2,1720.3,0.00%,"3,105,500,000.00",-
BANKING,1/7/2021,1649.27,1666.04,1645.79,1660.55,0.00%,"1,891,140,000.00",-
BANKING,1/6/2021,1635.46,1651.81,1635.46,1647.5,0.00%,"1,450,750,000.00",-
BANKING,1/5/2021,1648.85,1648.85,1625.69,1635.7,0.00%,"1,314,840,000.00",-
BANKING,1/4/2021,1680.11,1685.94,1633.46,1644.94,0.00%,"2,086,480,000.00",-
BANKING,1/3/2021,1599.57,1656.18,1599.57,1656.14,0.00%,"2,810,540,000.00",-
